<?xml version="1.0" encoding="UTF-8"?>
<manifest identifier="man00001" xmlns:bb="http://www.blackboard.com/content-packaging/"><organizations
   default="toc00001"><organization identifier="toc00001"><item identifier="itm00001"
     identifierref="res00005"><title>ROOT</title><item identifier="itm00004"
      identifierref="res00011"><title>--TOP--</title><item identifier="itm00005"
       identifierref="res00012"><title>About this Course - Begin Here</title><item identifier="itm00009"
        identifierref="res00016"><title>Add Your Syllabus Here</title><item identifier="itm00033"
       identifierref="res00040"><title>ultraDocumentBody</title></item></item><item identifier="itm00011"
        identifierref="res00018"><title>Add Your Schedule Here</title><item identifier="itm00031"
       identifierref="res00038"><title>ultraDocumentBody</title></item></item><item identifier="itm00016"
        identifierref="res00023"><title>Add Instructor Information Here</title><item identifier="itm00032"
       identifierref="res00039"><title>ultraDocumentBody</title></item></item><item identifier="itm00018"
       identifierref="res00025"><title>Ally File Transformer</title></item><item identifier="itm00022"
      identifierref="res00029"><title>Togetherall</title></item></item><item identifier="itm00006"
       identifierref="res00013"><title>Week 1: Module - Review, then Delete</title><item identifier="itm00010"
        identifierref="res00017"><title>*Sample* Weekly Overview</title><item identifier="itm00040"
       identifierref="res00047"><title>ultraDocumentBody</title></item></item><item identifier="itm00012"
        identifierref="res00019"><title>*SAMPLE* READ: Title of Article</title><item identifier="itm00039"
       identifierref="res00046"><title>ultraDocumentBody</title></item></item><item identifier="itm00014"
        identifierref="res00021"><title>*SAMPLE* WATCH: Title of Video</title><item identifier="itm00038"
       identifierref="res00045"><title>ultraDocumentBody</title></item></item><item identifier="itm00017"
        identifierref="res00024"><title>*SAMPLE* EXPLORE: Title of Learning Activity</title><item identifier="itm00036"
       identifierref="res00043"><title>ultraDocumentBody</title></item></item><item identifier="itm00020"
        identifierref="res00027"><title>Add Discussion Here</title><item identifier="itm00035"
       identifierref="res00042"><title>ultraDocumentBody</title></item></item><item identifier="itm00023"
        identifierref="res00030"><title>Add Assignment Here</title><item identifier="itm00037"
      identifierref="res00044"><title>ultraDocumentBody</title></item></item></item><item identifier="itm00007"
       identifierref="res00014"><title>Message Manager</title><item identifier="itm00008"
        identifierref="res00015"><title>Mental Health Communications Toolkit</title><item identifier="itm00034"
       identifierref="res00041"><title>ultraDocumentBody</title></item></item><item identifier="itm00013"
        identifierref="res00020"><title>Missed Class Messages</title><item identifier="itm00027"
       identifierref="res00034"><title>ultraDocumentBody</title></item></item><item identifier="itm00015"
        identifierref="res00022"><title>Missed Assignment Messages</title><item identifier="itm00028"
       identifierref="res00035"><title>ultraDocumentBody</title></item></item><item identifier="itm00019"
        identifierref="res00026"><title>Struggling Student Messages</title><item identifier="itm00030"
       identifierref="res00037"><title>ultraDocumentBody</title></item></item><item identifier="itm00021"
        identifierref="res00028"><title>Resource Referral Messages</title><item identifier="itm00029"
       identifierref="res00036"><title>ultraDocumentBody</title></item></item><item identifier="itm00024"
       identifierref="res00031"><title>Blackboard Assist</title></item><item identifier="itm00025"
       identifierref="res00032"><title>Submit a Navigate Report</title></item><item identifier="itm00026"
    identifierref="res00033"><title>Submit a CARE Report</title></item></item></item></item><item identifier="itm00002"
     identifierref="res00006"><title>INTERACTIVE</title><item identifier="itm00041"
      identifierref="res00048"><title>--TOP--</title><item identifier="itm00042"
    identifierref="res00049"><title>Sample Discussion</title></item></item></item><item identifier="itm00003"
     identifierref="res00007"><title>INDIRECT</title><item identifier="itm00043"
   identifierref="res00050"><title>--TOP--</title></item></item></organization></organizations><resources><resource
   bb:file="res00001.dat" bb:title="GV_Ultra_Template" identifier="res00001" type="course/x-bb-coursesetting"
   xml:base="res00001"/><resource bb:file="res00002.dat" bb:title="Learning Standard Sub Document Associations"
   identifier="res00002" type="course/x-bb-subdocassociation" xml:base="res00002"/><resource bb:file="res00003.dat"
   bb:title="Course Application Settings" identifier="res00003" type="course/x-bb-courseappsetting"
   xml:base="res00003"/><resource bb:file="res00004.dat" bb:title="Course Navigation Settings" identifier="res00004"
   type="course/x-bb-coursenavsetting" xml:base="res00004"/><resource bb:file="res00005.dat" bb:title="ROOT"
   identifier="res00005" type="course/x-bb-coursetoc" xml:base="res00005"/><resource bb:file="res00006.dat"
   bb:title="INTERACTIVE" identifier="res00006" type="course/x-bb-coursetoc" xml:base="res00006"/><resource
   bb:file="res00007.dat" bb:title="INDIRECT" identifier="res00007" type="course/x-bb-coursetoc"
   xml:base="res00007"/><resource bb:file="res00008.dat" bb:title="Content Handler Data" identifier="res00008"
   type="course/x-bb-contenthandler" xml:base="res00008"/><resource bb:file="res00009.dat" bb:title="Conferences"
   identifier="res00009" type="resource/x-bb-conference" xml:base="res00009"/><resource bb:file="res00010.dat"
   bb:title="Sample Discussion" identifier="res00010" type="resource/x-bb-discussionboard"
   xml:base="res00010"/><resource bb:file="res00011.dat" bb:title="--TOP--" identifier="res00011"
   type="resource/x-bb-document" xml:base="res00011"/><resource bb:file="res00012.dat"
   bb:title="About this Course - Begin Here" identifier="res00012" type="resource/x-bb-document"
   xml:base="res00012"/><resource bb:file="res00013.dat" bb:title="Week 1: Module - Review, then Delete"
   identifier="res00013" type="resource/x-bb-document" xml:base="res00013"/><resource bb:file="res00014.dat"
   bb:title="Message Manager" identifier="res00014" type="resource/x-bb-document" xml:base="res00014"/><resource
   bb:file="res00015.dat" bb:title="Mental Health Communications Toolkit" identifier="res00015"
   type="resource/x-bb-document" xml:base="res00015"/><resource bb:file="res00016.dat" bb:title="Add Your Syllabus Here"
   identifier="res00016" type="resource/x-bb-document" xml:base="res00016"/><resource bb:file="res00017.dat"
   bb:title="*Sample* Weekly Overview" identifier="res00017" type="resource/x-bb-document"
   xml:base="res00017"/><resource bb:file="res00018.dat" bb:title="Add Your Schedule Here" identifier="res00018"
   type="resource/x-bb-document" xml:base="res00018"/><resource bb:file="res00019.dat"
   bb:title="*SAMPLE* READ: Title of Article" identifier="res00019" type="resource/x-bb-document"
   xml:base="res00019"/><resource bb:file="res00020.dat" bb:title="Missed Class Messages" identifier="res00020"
   type="resource/x-bb-document" xml:base="res00020"/><resource bb:file="res00021.dat"
   bb:title="*SAMPLE* WATCH: Title of Video" identifier="res00021" type="resource/x-bb-document"
   xml:base="res00021"/><resource bb:file="res00022.dat" bb:title="Missed Assignment Messages" identifier="res00022"
   type="resource/x-bb-document" xml:base="res00022"/><resource bb:file="res00023.dat"
   bb:title="Add Instructor Information Here" identifier="res00023" type="resource/x-bb-document"
   xml:base="res00023"/><resource bb:file="res00024.dat" bb:title="*SAMPLE* EXPLORE: Title of Learning Activity"
   identifier="res00024" type="resource/x-bb-document" xml:base="res00024"/><resource bb:file="res00025.dat"
   bb:title="Ally File Transformer" identifier="res00025" type="resource/x-bb-document" xml:base="res00025"/><resource
   bb:file="res00026.dat" bb:title="Struggling Student Messages" identifier="res00026" type="resource/x-bb-document"
   xml:base="res00026"/><resource bb:file="res00027.dat" bb:title="Add Discussion Here" identifier="res00027"
   type="resource/x-bb-document" xml:base="res00027"/><resource bb:file="res00028.dat"
   bb:title="Resource Referral Messages" identifier="res00028" type="resource/x-bb-document"
   xml:base="res00028"/><resource bb:file="res00029.dat" bb:title="Togetherall" identifier="res00029"
   type="resource/x-bb-document" xml:base="res00029"/><resource bb:file="res00030.dat" bb:title="Add Assignment Here"
   identifier="res00030" type="resource/x-bb-document" xml:base="res00030"/><resource bb:file="res00031.dat"
   bb:title="Blackboard Assist" identifier="res00031" type="resource/x-bb-document" xml:base="res00031"/><resource
   bb:file="res00032.dat" bb:title="Submit a Navigate Report" identifier="res00032" type="resource/x-bb-document"
   xml:base="res00032"/><resource bb:file="res00033.dat" bb:title="Submit a CARE Report" identifier="res00033"
   type="resource/x-bb-document" xml:base="res00033"/><resource bb:file="res00034.dat" bb:title="ultraDocumentBody"
   identifier="res00034" type="resource/x-bb-document" xml:base="res00034"/><resource bb:file="res00035.dat"
   bb:title="ultraDocumentBody" identifier="res00035" type="resource/x-bb-document" xml:base="res00035"/><resource
   bb:file="res00036.dat" bb:title="ultraDocumentBody" identifier="res00036" type="resource/x-bb-document"
   xml:base="res00036"/><resource bb:file="res00037.dat" bb:title="ultraDocumentBody" identifier="res00037"
   type="resource/x-bb-document" xml:base="res00037"/><resource bb:file="res00038.dat" bb:title="ultraDocumentBody"
   identifier="res00038" type="resource/x-bb-document" xml:base="res00038"/><resource bb:file="res00039.dat"
   bb:title="ultraDocumentBody" identifier="res00039" type="resource/x-bb-document" xml:base="res00039"/><resource
   bb:file="res00040.dat" bb:title="ultraDocumentBody" identifier="res00040" type="resource/x-bb-document"
   xml:base="res00040"/><resource bb:file="res00041.dat" bb:title="ultraDocumentBody" identifier="res00041"
   type="resource/x-bb-document" xml:base="res00041"/><resource bb:file="res00042.dat" bb:title="ultraDocumentBody"
   identifier="res00042" type="resource/x-bb-document" xml:base="res00042"/><resource bb:file="res00043.dat"
   bb:title="ultraDocumentBody" identifier="res00043" type="resource/x-bb-document" xml:base="res00043"/><resource
   bb:file="res00044.dat" bb:title="ultraDocumentBody" identifier="res00044" type="resource/x-bb-document"
   xml:base="res00044"/><resource bb:file="res00045.dat" bb:title="ultraDocumentBody" identifier="res00045"
   type="resource/x-bb-document" xml:base="res00045"/><resource bb:file="res00046.dat" bb:title="ultraDocumentBody"
   identifier="res00046" type="resource/x-bb-document" xml:base="res00046"/><resource bb:file="res00047.dat"
   bb:title="ultraDocumentBody" identifier="res00047" type="resource/x-bb-document" xml:base="res00047"/><resource
   bb:file="res00048.dat" bb:title="--TOP--" identifier="res00048" type="resource/x-bb-document"
   xml:base="res00048"/><resource bb:file="res00049.dat" bb:title="Sample Discussion" identifier="res00049"
   type="resource/x-bb-document" xml:base="res00049"/><resource bb:file="res00050.dat" bb:title="--TOP--"
   identifier="res00050" type="resource/x-bb-document" xml:base="res00050"/><resource bb:file="res00051.dat"
   bb:title="LearnRubrics" identifier="res00051" type="course/x-bb-rubrics" xml:base="res00051"/><resource
   bb:file="res00052.dat" bb:title="Gradebook" identifier="res00052" type="course/x-bb-gradebook"
   xml:base="res00052"/><resource bb:file="res00053.dat" bb:title="" identifier="res00053" type="resource/x-bb-link"
   xml:base="res00053"/><resource bb:file="res00054.dat" bb:title="CSResourceLinks" identifier="res00054"
   type="course/x-bb-csresourcelinks" xml:base="res00054"/><resource bb:file="res00055.dat"
   bb:title="Standard Alignments" identifier="res00055" type="course/x-bb-stdsalignments" xml:base="res00055"/><resource
   bb:file="res00056.dat" bb:title="CourseRubricAssociation" identifier="res00056"
   type="course/x-bb-crsrubricassocation" xml:base="res00056"/><resource bb:file="res00057.dat" bb:title="BB_EWS_RULE_"
   identifier="res00057" type="resource/x-bb-retention" xml:base="res00057"/></resources></manifest>
