<?xml version="1.0" encoding="UTF-8"?>
<manifest identifier="man00001" xmlns:bb="http://www.blackboard.com/content-packaging/"><organizations
   default="toc00001"><organization identifier="toc00001"><item identifier="itm00001"
     identifierref="res00005"><title>ROOT</title><item identifier="itm00004"
      identifierref="res00011"><title>--TOP--</title><item identifier="itm00005"
      identifierref="res00012"><title>Library</title></item><item identifier="itm00006"
       identifierref="res00013"><title>Course Orientation &amp; Overview</title><item identifier="itm00009"
        identifierref="res00016"><title>Beginning Your Course</title><item identifier="itm00015"
         identifierref="res00022"><title>First Tasks</title><item identifier="itm00022"
        identifierref="res00029"><title>ultraDocumentBody</title></item></item><item identifier="itm00019"
        identifierref="res00026"><title>Blackboard Tutorials for Students</title></item><item identifier="itm00020"
        identifierref="res00027"><title>Is Your Computer Ready for Online Learning?</title></item><item
        identifier="itm00021" identifierref="res00028"><title>Getting Help | Technical Support</title><item
         identifier="itm00023" identifierref="res00030"><title>ultraDocumentBody</title></item></item></item><item
       identifier="itm00010" identifierref="res00017"><title>Meet Your Instructor</title></item><item
       identifier="itm00011" identifierref="res00018"><title>Course Syllabus</title><item identifier="itm00016"
       identifierref="res00023"><title>ultraDocumentBody</title></item></item><item identifier="itm00012"
        identifierref="res00019"><title>Sample Weekly Course Schedule</title><item identifier="itm00017"
       identifierref="res00024"><title>ultraDocumentBody</title></item></item><item identifier="itm00013"
        identifierref="res00020"><title>Point Distribution &amp; Grading Scale</title><item identifier="itm00018"
      identifierref="res00025"><title>ultraDocumentBody</title></item></item></item><item identifier="itm00007"
       identifierref="res00014"><title>Module 1</title><item identifier="itm00008"
        identifierref="res00015"><title>Week 1 Overview</title><item identifier="itm00014"
    identifierref="res00021"><title>ultraDocumentBody</title></item></item></item></item></item><item
    identifier="itm00002" identifierref="res00006"><title>INTERACTIVE</title><item identifier="itm00024"
    identifierref="res00031"><title>--TOP--</title></item></item><item identifier="itm00003"
     identifierref="res00007"><title>INDIRECT</title><item identifier="itm00025"
   identifierref="res00032"><title>--TOP--</title></item></item></organization></organizations><resources><resource
   bb:file="res00001.dat" bb:title="Ultra Course Template" identifier="res00001" type="course/x-bb-coursesetting"
   xml:base="res00001"/><resource bb:file="res00002.dat" bb:title="Learning Standard Sub Document Associations"
   identifier="res00002" type="course/x-bb-subdocassociation" xml:base="res00002"/><resource bb:file="res00003.dat"
   bb:title="Course Application Settings" identifier="res00003" type="course/x-bb-courseappsetting"
   xml:base="res00003"/><resource bb:file="res00004.dat" bb:title="Course Navigation Settings" identifier="res00004"
   type="course/x-bb-coursenavsetting" xml:base="res00004"/><resource bb:file="res00005.dat" bb:title="ROOT"
   identifier="res00005" type="course/x-bb-coursetoc" xml:base="res00005"/><resource bb:file="res00006.dat"
   bb:title="INTERACTIVE" identifier="res00006" type="course/x-bb-coursetoc" xml:base="res00006"/><resource
   bb:file="res00007.dat" bb:title="INDIRECT" identifier="res00007" type="course/x-bb-coursetoc"
   xml:base="res00007"/><resource bb:file="res00008.dat" bb:title="Content Handler Data" identifier="res00008"
   type="course/x-bb-contenthandler" xml:base="res00008"/><resource bb:file="res00009.dat" bb:title="Categories"
   identifier="res00009" type="course/x-bb-category" xml:base="res00009"/><resource bb:file="res00010.dat"
   bb:title="Conferences" identifier="res00010" type="resource/x-bb-conference" xml:base="res00010"/><resource
   bb:file="res00011.dat" bb:title="--TOP--" identifier="res00011" type="resource/x-bb-document"
   xml:base="res00011"/><resource bb:file="res00012.dat" bb:title="Library" identifier="res00012"
   type="resource/x-bb-document" xml:base="res00012"/><resource bb:file="res00013.dat"
   bb:title="Course Orientation &amp; Overview" identifier="res00013" type="resource/x-bb-document"
   xml:base="res00013"/><resource bb:file="res00014.dat" bb:title="Module 1" identifier="res00014"
   type="resource/x-bb-document" xml:base="res00014"/><resource bb:file="res00015.dat" bb:title="Week 1 Overview"
   identifier="res00015" type="resource/x-bb-document" xml:base="res00015"/><resource bb:file="res00016.dat"
   bb:title="Beginning Your Course" identifier="res00016" type="resource/x-bb-document" xml:base="res00016"/><resource
   bb:file="res00017.dat" bb:title="Meet Your Instructor" identifier="res00017" type="resource/x-bb-document"
   xml:base="res00017"/><resource bb:file="res00018.dat" bb:title="Course Syllabus" identifier="res00018"
   type="resource/x-bb-document" xml:base="res00018"/><resource bb:file="res00019.dat"
   bb:title="Sample Weekly Course Schedule" identifier="res00019" type="resource/x-bb-document"
   xml:base="res00019"/><resource bb:file="res00020.dat" bb:title="Point Distribution &amp; Grading Scale"
   identifier="res00020" type="resource/x-bb-document" xml:base="res00020"/><resource bb:file="res00021.dat"
   bb:title="ultraDocumentBody" identifier="res00021" type="resource/x-bb-document" xml:base="res00021"/><resource
   bb:file="res00022.dat" bb:title="First Tasks" identifier="res00022" type="resource/x-bb-document"
   xml:base="res00022"/><resource bb:file="res00023.dat" bb:title="ultraDocumentBody" identifier="res00023"
   type="resource/x-bb-document" xml:base="res00023"/><resource bb:file="res00024.dat" bb:title="ultraDocumentBody"
   identifier="res00024" type="resource/x-bb-document" xml:base="res00024"/><resource bb:file="res00025.dat"
   bb:title="ultraDocumentBody" identifier="res00025" type="resource/x-bb-document" xml:base="res00025"/><resource
   bb:file="res00026.dat" bb:title="Blackboard Tutorials for Students" identifier="res00026"
   type="resource/x-bb-document" xml:base="res00026"/><resource bb:file="res00027.dat"
   bb:title="Is Your Computer Ready for Online Learning?" identifier="res00027" type="resource/x-bb-document"
   xml:base="res00027"/><resource bb:file="res00028.dat" bb:title="Getting Help | Technical Support"
   identifier="res00028" type="resource/x-bb-document" xml:base="res00028"/><resource bb:file="res00029.dat"
   bb:title="ultraDocumentBody" identifier="res00029" type="resource/x-bb-document" xml:base="res00029"/><resource
   bb:file="res00030.dat" bb:title="ultraDocumentBody" identifier="res00030" type="resource/x-bb-document"
   xml:base="res00030"/><resource bb:file="res00031.dat" bb:title="--TOP--" identifier="res00031"
   type="resource/x-bb-document" xml:base="res00031"/><resource bb:file="res00032.dat" bb:title="--TOP--"
   identifier="res00032" type="resource/x-bb-document" xml:base="res00032"/><resource bb:file="res00033.dat"
   bb:title="LearnRubrics" identifier="res00033" type="course/x-bb-rubrics" xml:base="res00033"/><resource
   bb:file="res00034.dat" bb:title="Gradebook" identifier="res00034" type="course/x-bb-gradebook"
   xml:base="res00034"/><resource bb:file="res00035.dat" bb:title="" identifier="res00035"
   type="course/x-bb-availability-rule" xml:base="res00035"/><resource bb:file="res00036.dat" bb:title=""
   identifier="res00036" type="course/x-bb-availability-rule" xml:base="res00036"/><resource bb:file="res00037.dat"
   bb:title="" identifier="res00037" type="course/x-bb-availability-rule" xml:base="res00037"/><resource
   bb:file="res00038.dat" bb:title="" identifier="res00038" type="course/x-bb-availability-rule"
   xml:base="res00038"/><resource bb:file="res00039.dat" bb:title="" identifier="res00039"
   type="course/x-bb-availability-rule" xml:base="res00039"/><resource bb:file="res00040.dat" bb:title=""
   identifier="res00040" type="course/x-bb-availability-rule" xml:base="res00040"/><resource bb:file="res00041.dat"
   bb:title="" identifier="res00041" type="course/x-bb-availability-rule" xml:base="res00041"/><resource
   bb:file="res00042.dat" bb:title="CSResourceLinks" identifier="res00042" type="course/x-bb-csresourcelinks"
   xml:base="res00042"/><resource bb:file="res00043.dat" bb:title="Standard Alignments" identifier="res00043"
   type="course/x-bb-stdsalignments" xml:base="res00043"/><resource bb:file="res00044.dat"
   bb:title="CourseRubricAssociation" identifier="res00044" type="course/x-bb-crsrubricassocation"
   xml:base="res00044"/><resource bb:file="res00045.dat" bb:title="BB_EWS_RULE_" identifier="res00045"
   type="resource/x-bb-retention" xml:base="res00045"/><resource bb:file="res00046.dat" bb:title="UCV-TemplateCourse"
   identifier="res00046" type="resource/x-mhhe-course-cx" xml:base="res00046"/></resources></manifest>
