﻿<?xml version="1.0" encoding="utf-8"?>
<manifest identifier="_5kjP96LPAz6" version="1.0" xmlns="http://www.imsproject.org/xsd/imscp_rootv1p1p2" xmlns:adlcp="http://www.adlnet.org/xsd/adlcp_rootv1p2" xmlns:xsi="http://www.w3.org/2001/XMLSchema-instance" xsi:schemaLocation="http://www.imsproject.org/xsd/imscp_rootv1p1p2 imscp_rootv1p1p2.xsd http://www.imsglobal.org/xsd/imsmd_rootv1p2p1 imsmd_rootv1p2p1.xsd http://www.adlnet.org/xsd/adlcp_rootv1p2 adlcp_rootv1p2.xsd">
  <metadata>
    <schema>ADL SCORM</schema>
    <schemaversion>1.2</schemaversion>
    <lom xmlns="http://www.imsglobal.org/xsd/imsmd_rootv1p2p1" xmlns:xsi="http://www.w3.org/2001/XMLSchema-instance" xsi:schemaLocation="http://www.imsglobal.org/xsd/imsmd_rootv1p2p1 imsmd_rootv1p2p1.xsd">
      <general>
        <title>
          <langstring xml:lang="x-none">Discussion Board Tutorial V6</langstring>
        </title>
      </general>
      <lifecycle>
        <version>
          <langstring xml:lang="x-none">1</langstring>
        </version>
        <status>
          <source>
            <langstring xml:lang="x-none">LOMv1.0</langstring>
          </source>
          <value>
            <langstring xml:lang="x-none">Final</langstring>
          </value>
        </status>
      </lifecycle>
      <metametadata>
        <metadatascheme>ADL SCORM 1.2</metadatascheme>
      </metametadata>
      <educational>
        <typicallearningtime>
          <datetime>PT0H0M0S</datetime>
        </typicallearningtime>
      </educational>
      <rights>
        <cost>
          <source>
            <langstring xml:lang="x-none">LOMv1.0</langstring>
          </source>
          <value>
            <langstring xml:lang="x-none">yes</langstring>
          </value>
        </cost>
        <copyrightandotherrestrictions>
          <source>
            <langstring xml:lang="x-none">LOMv1.0</langstring>
          </source>
          <value>
            <langstring xml:lang="x-none">yes</langstring>
          </value>
        </copyrightandotherrestrictions>
      </rights>
    </lom>
  </metadata>
  <organizations default="Discussion_Board_Tutorial_V6_ORG">
    <organization identifier="Discussion_Board_Tutorial_V6_ORG">
      <title>Discussion Board Tutorial V6</title>
      <item identifier="Discussion_Board_Tutorial_SCO" isvisible="true" identifierref="__5kjP96LPAz6_RES">
        <title>Discussion Board Tutorial</title>
      </item>
    </organization>
  </organizations>
  <resources>
    <resource identifier="__5kjP96LPAz6_RES" type="webcontent" href="index_lms.html" adlcp:scormtype="sco">
      <file href="story_content/thumbnail.jpg" />
      <file href="mobile/6L7q7TJtFVs_DX1906_DY1906_CX953_CY539.png" />
      <file href="mobile/6fNv6UrsqsJ_P_0_0_968_741_DX1636_DY1636_CX968_CY742.png" />
      <file href="mobile/6emE9FddgeS_DX1176_DY1176_CX588_CY392.png" />
      <file href="story_content/6fK36gQKCGC_44100_160_0.mp3" />
      <file href="mobile/6iKUfgfbuX6_DX3840_DY3840_CX1920_CY1080.png" />
      <file href="story_content/5p06PhzSQUG_44100_160_0.mp3" />
      <file href="mobile/6RvuSWLV3C3_DX3840_DY3840_CX1920_CY1080.png" />
      <file href="story_content/5tJOeyEk2IN_44100_160_0.mp3" />
      <file href="mobile/6X9C9QyQrxL_DX3840_DY3840_CX1920_CY1079.png" />
      <file href="story_content/5XOQJ9kmbwo_44100_160_0.mp3" />
      <file href="story_content/5nANUGeNC5L_44100_160_0.mp3" />
      <file href="story_content/6SvZCu2QvEl_44100_160_0.mp3" />
      <file href="meta.xml" />
      <file href="story_content/user.js" />
      <file href="mobile/txt__default_6WXG2LoaF86.png" />
      <file href="mobile/txt__default_6QJDguDOxud.png" />
      <file href="mobile/txt__default_6KsxbgX49RD.png" />
      <file href="mobile/txt__default_6BFWS6u5kEg.png" />
      <file href="mobile/txt__default_5mYYB6RUZVV.png" />
      <file href="mobile/txt__default_5cBniLuUjEW.png" />
      <file href="mobile/txt__default_5pJY19U5vkT.png" />
      <file href="mobile/txt__default_6iay6vQi7qS.png" />
      <file href="mobile/txt__default_5ZFMzF8fKFM.png" />
      <file href="html5/data/css/output.min.css" />
      <file href="html5/data/js/5eKpux8ZraP.js" />
      <file href="html5/data/js/6BrNbxdIXJq.js" />
      <file href="html5/data/js/6G1iFC82l1g.js" />
      <file href="html5/data/js/6GY5SlAMJIO.js" />
      <file href="html5/data/js/6K1bN8uSDxa.js" />
      <file href="html5/data/js/6Sp7tfG7wRg.js" />
      <file href="html5/data/js/data.js" />
      <file href="html5/data/js/frame.js" />
      <file href="html5/data/js/paths.js" />
      <file href="html5/lib/scripts/bootstrapper.min.js" />
      <file href="html5/lib/scripts/frame.desktop.min.js" />
      <file href="html5/lib/scripts/frame.mobile.min.js" />
      <file href="html5/lib/scripts/slides.min.js" />
      <file href="html5/lib/stylesheets/desktop.min.css" />
      <file href="html5/lib/stylesheets/mobile.min.css" />
      <file href="html5/lib/stylesheets/mobile-fonts/open-sans-bold.woff" />
      <file href="html5/lib/stylesheets/mobile-fonts/open-sans-light.woff" />
      <file href="html5/lib/stylesheets/mobile-fonts/open-sans-regular.woff" />
      <file href="analytics-frame.html" />
      <file href="story.html" />
      <file href="index_lms.html" />
      <file href="lms/AICCComm.html" />
      <file href="lms/blank.html" />
      <file href="lms/browsersniff.js" />
      <file href="lms/goodbye.html" />
      <file href="lms/scormdriver.js" />
    </resource>
  </resources>
</manifest>