<?xml version="1.0" encoding="UTF-8"?>
<manifest identifier="man00001" xmlns:bb="http://www.blackboard.com/content-packaging/"><organizations
   default="toc00001"><organization identifier="toc00001"><item identifier="itm00001"
     identifierref="res00005"><title>ROOT</title><item identifier="itm00004"
      identifierref="res00013"><title>--TOP--</title><item identifier="itm00005"
       identifierref="res00014"><title>1. About this Workshop - Begin Here ⬅️</title><item identifier="itm00016"
        identifierref="res00025"><title>Orientation Overview</title><item identifier="itm00053"
       identifierref="res00062"><title>ultraDocumentBody</title></item></item><item identifier="itm00024"
        identifierref="res00033"><title>What to Expect</title><item identifier="itm00083"
       identifierref="res00092"><title>ultraDocumentBody</title></item></item><item identifier="itm00027"
        identifierref="res00036"><title>Complete the Online Readiness Quiz</title><item identifier="itm00079"
       identifierref="res00088"><title>ultraDocumentBody</title></item></item><item identifier="itm00035"
        identifierref="res00044"><title>Overview of Online Orientation Site (UPDATE)</title><item identifier="itm00055"
      identifierref="res00064"><title>ultraDocumentBody</title></item></item></item><item identifier="itm00006"
       identifierref="res00015"><title>2. Laying the Groundwork &#x1f477;‍♀️</title><item identifier="itm00017"
        identifierref="res00026"><title>About Online / Hybrid Learning at GVSU</title><item identifier="itm00056"
       identifierref="res00065"><title>ultraDocumentBody</title></item></item><item identifier="itm00021"
        identifierref="res00030"><title>Course Definitions</title><item identifier="itm00072"
       identifierref="res00081"><title>ultraDocumentBody</title></item></item><item identifier="itm00031"
        identifierref="res00040"><title>Expect to Use Tech</title><item identifier="itm00069"
       identifierref="res00078"><title>ultraDocumentBody</title></item></item><item identifier="itm00033"
        identifierref="res00042"><title>Review Minimum Technology Requirements for Online/Hybrid Courses</title><item
        identifier="itm00066" identifierref="res00075"><title>ultraDocumentBody</title></item></item><item
       identifier="itm00040" identifierref="res00049"><title>Resources for Online Students</title><item
        identifier="itm00071" identifierref="res00080"><title>ultraDocumentBody</title></item></item><item
       identifier="itm00041" identifierref="res00050"><title>Let's Recap</title><item identifier="itm00082"
      identifierref="res00091"><title>ultraDocumentBody</title></item></item></item><item identifier="itm00007"
       identifierref="res00016"><title>3. Becoming a Self-Directed Learner &#x1f9ed;</title><item identifier="itm00014"
        identifierref="res00023"><title>Intro: Self-Directed Learning for Online/Hybrid Students</title><item
        identifier="itm00073" identifierref="res00082"><title>ultraDocumentBody</title></item></item><item
       identifier="itm00022"
        identifierref="res00031"><title>Strategies for becoming a Self-Directed Learner</title><item
        identifier="itm00074" identifierref="res00083"><title>ultraDocumentBody</title></item></item><item
       identifier="itm00028"
        identifierref="res00037"><title>Choose learning goals that fit your needs and interests</title><item
        identifier="itm00075" identifierref="res00084"><title>ultraDocumentBody</title></item></item><item
       identifier="itm00036" identifierref="res00045"><title>Think About Your Thinking</title><item
        identifier="itm00076" identifierref="res00085"><title>ultraDocumentBody</title></item></item><item
       identifier="itm00038" identifierref="res00047"><title>Manage Your Time</title><item identifier="itm00059"
       identifierref="res00068"><title>ultraDocumentBody</title></item></item><item identifier="itm00043"
        identifierref="res00052"><title>Let's Recap</title><item identifier="itm00078"
      identifierref="res00087"><title>ultraDocumentBody</title></item></item></item><item identifier="itm00008"
       identifierref="res00017"><title>4. Interaction in Online Learning &#x1f5e3;</title><item identifier="itm00019"
        identifierref="res00028"><title>Intro: What to Expect with Online Communication and Interaction</title><item
        identifier="itm00067" identifierref="res00076"><title>ultraDocumentBody</title></item></item><item
       identifier="itm00025"
        identifierref="res00034"><title>Navigating Online Communication &amp; Interaction</title><item
        identifier="itm00054" identifierref="res00063"><title>ultraDocumentBody</title></item></item><item
       identifier="itm00030" identifierref="res00039"><title>Course Navigation Examples</title></item><item
       identifier="itm00034"
        identifierref="res00043"><title>Setting up Your Blackboard Notification Settings</title><item
        identifier="itm00080" identifierref="res00089"><title>ultraDocumentBody</title></item></item><item
       identifier="itm00039"
        identifierref="res00048"><title>Synchronous Course/Online Office Hours Information</title><item
        identifier="itm00081" identifierref="res00090"><title>ultraDocumentBody</title></item></item><item
       identifier="itm00042" identifierref="res00051"><title>Skill Practice - Email Your Instructor</title><item
        identifier="itm00068" identifierref="res00077"><title>ultraDocumentBody</title></item></item><item
       identifier="itm00045" identifierref="res00054"><title>Skill Practice: Discussion Board</title></item><item
       identifier="itm00047"
      identifierref="res00056"><title>Skill Practice: Checking Your Grades</title></item></item><item
      identifier="itm00009" identifierref="res00018"><title>5. Online Assessments and Assignments &#x1f4da;</title><item
       identifier="itm00018" identifierref="res00027"><title>Tips for Online Assessments</title><item
        identifier="itm00070" identifierref="res00079"><title>ultraDocumentBody</title></item></item><item
       identifier="itm00023"
       identifierref="res00032"><title>Skill Practice - Submitting an Assignment</title></item><item
       identifier="itm00026"
      identifierref="res00035"><title>Skill Practice: Taking a Quiz/Test</title></item></item><item
      identifier="itm00010"
      identifierref="res00019"><title>Blackboard Ultra Orientation Feedback Survey</title></item><item
      identifier="itm00011"
      identifierref="res00020"><title>Online and Hybrid Student Orientation Certificate Quiz &#x1f973;</title></item><item
      identifier="itm00012" identifierref="res00021"><title>Cutting Floor</title><item identifier="itm00015"
        identifierref="res00024"><title>About Online/Hybrid Learning at GVSU</title><item identifier="itm00077"
       identifierref="res00086"><title>ultraDocumentBody</title></item></item><item identifier="itm00020"
        identifierref="res00029"><title>3. Tips for Staying Motivated</title><item identifier="itm00062"
       identifierref="res00071"><title>ultraDocumentBody</title></item></item><item identifier="itm00029"
       identifierref="res00038"><title>Tips from the GVSU Community!</title></item><item identifier="itm00032"
        identifierref="res00041"><title>6. Log in to Bb and Engage!</title><item identifier="itm00057"
       identifierref="res00066"><title>ultraDocumentBody</title></item></item><item identifier="itm00037"
        identifierref="res00046"><title>7. Skills for Success Summary</title><item identifier="itm00058"
       identifierref="res00067"><title>ultraDocumentBody</title></item></item><item identifier="itm00044"
        identifierref="res00053"><title>5. Tips for Organizing Files</title><item identifier="itm00060"
       identifierref="res00069"><title>ultraDocumentBody</title></item></item><item identifier="itm00046"
       identifierref="res00055"><title>Keeping Organized in Online Courses</title></item><item identifier="itm00048"
       identifierref="res00057"><title>Tip #3: Managing Your Time</title></item><item identifier="itm00049"
        identifierref="res00058"><title>4. Tips for Pacing Yourself</title><item identifier="itm00061"
       identifierref="res00070"><title>ultraDocumentBody</title></item></item><item identifier="itm00050"
        identifierref="res00059"><title>7. Checklist for Starting your Online/Hybrid Course</title><item
        identifier="itm00065" identifierref="res00074"><title>ultraDocumentBody</title></item></item><item
       identifier="itm00051" identifierref="res00060"><title>2. Tips for Self-Directed Learning</title><item
        identifier="itm00063" identifierref="res00072"><title>ultraDocumentBody</title></item></item><item
       identifier="itm00052" identifierref="res00061"><title>Skills for Success in Online/Hybrid Learning</title><item
        identifier="itm00064" identifierref="res00073"><title>ultraDocumentBody</title></item></item></item><item
      identifier="itm00013"
    identifierref="res00022"><title>Online and Hybrid Student Orientation Certificate Quiz &#x1f973; OLD</title></item></item></item><item
    identifier="itm00002" identifierref="res00006"><title>INTERACTIVE</title><item identifier="itm00084"
    identifierref="res00093"><title>--TOP--</title></item></item><item identifier="itm00003"
     identifierref="res00007"><title>INDIRECT</title><item identifier="itm00085"
   identifierref="res00094"><title>--TOP--</title></item></item></organization></organizations><resources><resource
   bb:file="res00001.dat" bb:title="Bb Ultra Online/Hybrid Orientation" identifier="res00001"
   type="course/x-bb-coursesetting" xml:base="res00001"><file href="/xid-87981170_1"/></resource><resource
   bb:file="res00002.dat" bb:title="Learning Standard Sub Document Associations" identifier="res00002"
   type="course/x-bb-subdocassociation" xml:base="res00002"/><resource bb:file="res00003.dat"
   bb:title="Course Application Settings" identifier="res00003" type="course/x-bb-courseappsetting"
   xml:base="res00003"/><resource bb:file="res00004.dat" bb:title="Course Navigation Settings" identifier="res00004"
   type="course/x-bb-coursenavsetting" xml:base="res00004"/><resource bb:file="res00005.dat" bb:title="ROOT"
   identifier="res00005" type="course/x-bb-coursetoc" xml:base="res00005"/><resource bb:file="res00006.dat"
   bb:title="INTERACTIVE" identifier="res00006" type="course/x-bb-coursetoc" xml:base="res00006"/><resource
   bb:file="res00007.dat" bb:title="INDIRECT" identifier="res00007" type="course/x-bb-coursetoc"
   xml:base="res00007"/><resource bb:file="res00008.dat" bb:title="Content Handler Data" identifier="res00008"
   type="course/x-bb-contenthandler" xml:base="res00008"/><resource bb:file="res00009.dat"
   bb:title="Skill Practice - Submitting an Assignment" identifier="res00009" type="assessment/x-bb-qti-test"
   xml:base="res00009"/><resource bb:file="res00010.dat" bb:title="Skill Practice: Taking a Quiz/Test"
   identifier="res00010" type="assessment/x-bb-qti-test" xml:base="res00010"/><resource bb:file="res00011.dat"
   bb:title="Assessment Creation Settings" identifier="res00011" type="course/x-bb-courseassessmentcreationsettings"
   xml:base="res00011"/><resource bb:file="res00012.dat" bb:title="Conferences" identifier="res00012"
   type="resource/x-bb-conference" xml:base="res00012"/><resource bb:file="res00013.dat" bb:title="--TOP--"
   identifier="res00013" type="resource/x-bb-document" xml:base="res00013"/><resource bb:file="res00014.dat"
   bb:title="1. About this Workshop - Begin Here ⬅️" identifier="res00014" type="resource/x-bb-document"
   xml:base="res00014"/><resource bb:file="res00015.dat" bb:title="2. Laying the Groundwork &#x1f477;‍♀️"
   identifier="res00015" type="resource/x-bb-document" xml:base="res00015"/><resource bb:file="res00016.dat"
   bb:title="3. Becoming a Self-Directed Learner &#x1f9ed;" identifier="res00016" type="resource/x-bb-document"
   xml:base="res00016"/><resource bb:file="res00017.dat" bb:title="4. Interaction in Online Learning &#x1f5e3;"
   identifier="res00017" type="resource/x-bb-document" xml:base="res00017"/><resource bb:file="res00018.dat"
   bb:title="5. Online Assessments and Assignments &#x1f4da;" identifier="res00018" type="resource/x-bb-document"
   xml:base="res00018"/><resource bb:file="res00019.dat" bb:title="Blackboard Ultra Orientation Feedback Survey"
   identifier="res00019" type="resource/x-bb-document" xml:base="res00019"/><resource bb:file="res00020.dat"
   bb:title="Online and Hybrid Student Orientation Certificate Quiz &#x1f973;" identifier="res00020"
   type="resource/x-bb-document" xml:base="res00020"><file href="html5/data/css/output.min.css"/><file
    href="html5/data/js/5fL9Y1ScTFn.js"/><file href="html5/data/js/5mHtX4yJFtL.js"/><file
    href="html5/data/js/5qClbn9nJfz.js"/><file href="html5/data/js/5VrLK93pwEB.js"/><file
    href="html5/data/js/5VXObfhG1VE.js"/><file href="html5/data/js/5XPHeQeWTGj.js"/><file
    href="html5/data/js/64gl18BRyRn.js"/><file href="html5/data/js/6aKa2IiYTZq.js"/><file
    href="html5/data/js/6CCeB2xPeXO.js"/><file href="html5/data/js/6itEoRi3WSL.js"/><file
    href="html5/data/js/6JshdGaMVvB.js"/><file href="html5/data/js/6XbSyFuLSoM.js"/><file
    href="html5/data/js/data.js"/><file href="html5/data/js/frame.js"/><file href="html5/data/js/paths.js"/><file
    href="html5/lib/hls/hls.min.js"/><file href="html5/lib/scripts/bootstrapper.min.js"/><file
    href="html5/lib/scripts/frame.desktop.min.js"/><file href="html5/lib/scripts/frame.mobile.min.js"/><file
    href="html5/lib/scripts/slides.min.js"/><file href="html5/lib/stylesheets/mobile-fonts/open-sans-bold.woff"/><file
    href="html5/lib/stylesheets/mobile-fonts/open-sans-light.woff"/><file
    href="html5/lib/stylesheets/mobile-fonts/open-sans-regular.woff"/><file
    href="html5/lib/stylesheets/desktop.min.css"/><file href="html5/lib/stylesheets/mobile.min.css"/><file
    href="lms/AICCComm.html"/><file href="lms/blank.html"/><file href="lms/browsersniff.js"/><file
    href="lms/goodbye.html"/><file href="lms/scormdriver.js"/><file href="mobile/5oZPkH1GyHm_80.jpg"/><file
    href="mobile/6OYGgm1mV5s.png"/><file href="mobile/6OYGgm1mV5s_P_0_0_634_740.png"/><file
    href="story_content/thumbnail.jpg"/><file href="story_content/user.js"/><file href="adlcp_rootv1p2.xsd"/><file
    href="analytics-frame.html"/><file href="imscp_rootv1p1p2.xsd"/><file href="imsmanifest.xml"/><file
    href="imsmd_rootv1p2p1.xsd"/><file href="ims_xml.xsd"/><file href="index_lms.html"/><file href="meta.xml"/><file
   href="story.html"/></resource><resource bb:file="res00021.dat" bb:title="Cutting Floor" identifier="res00021"
   type="resource/x-bb-document" xml:base="res00021"/><resource bb:file="res00022.dat"
   bb:title="Online and Hybrid Student Orientation Certificate Quiz &#x1f973; OLD" identifier="res00022"
   type="resource/x-bb-document" xml:base="res00022"><file href="html5/data/css/output.min.css"/><file
    href="html5/data/js/5fL9Y1ScTFn.js"/><file href="html5/data/js/5mHtX4yJFtL.js"/><file
    href="html5/data/js/5qClbn9nJfz.js"/><file href="html5/data/js/5VrLK93pwEB.js"/><file
    href="html5/data/js/5VXObfhG1VE.js"/><file href="html5/data/js/5XPHeQeWTGj.js"/><file
    href="html5/data/js/64gl18BRyRn.js"/><file href="html5/data/js/6aKa2IiYTZq.js"/><file
    href="html5/data/js/6CCeB2xPeXO.js"/><file href="html5/data/js/6itEoRi3WSL.js"/><file
    href="html5/data/js/6JshdGaMVvB.js"/><file href="html5/data/js/6XbSyFuLSoM.js"/><file
    href="html5/data/js/data.js"/><file href="html5/data/js/frame.js"/><file href="html5/data/js/paths.js"/><file
    href="html5/lib/scripts/bootstrapper.min.js"/><file href="html5/lib/scripts/frame.desktop.min.js"/><file
    href="html5/lib/scripts/frame.mobile.min.js"/><file href="html5/lib/scripts/slides.min.js"/><file
    href="html5/lib/stylesheets/mobile-fonts/open-sans-bold.woff"/><file
    href="html5/lib/stylesheets/mobile-fonts/open-sans-light.woff"/><file
    href="html5/lib/stylesheets/mobile-fonts/open-sans-regular.woff"/><file
    href="html5/lib/stylesheets/desktop.min.css"/><file href="html5/lib/stylesheets/mobile.min.css"/><file
    href="lms/AICCComm.html"/><file href="lms/blank.html"/><file href="lms/browsersniff.js"/><file
    href="lms/goodbye.html"/><file href="lms/scormdriver.js"/><file
    href="mobile/5oZPkH1GyHm_80_DX1282_DY1282_CX849_CY849.jpg"/><file
    href="mobile/6OYGgm1mV5s_80_DX1442_DY1442_CX543_CY634.png"/><file
    href="mobile/6OYGgm1mV5s_80_P_0_0_634_740_DX1442_DY1442_CX634_CY741.png"/><file
    href="story_content/external_files/Hybrid_Certificate_Fillable_V1.pdf"/><file
    href="story_content/thumbnail.jpg"/><file href="story_content/user.js"/><file href="adlcp_rootv1p2.xsd"/><file
    href="analytics-frame.html"/><file href="imscp_rootv1p1p2.xsd"/><file href="imsmanifest.xml"/><file
    href="imsmd_rootv1p2p1.xsd"/><file href="ims_xml.xsd"/><file href="index_lms.html"/><file href="meta.xml"/><file
   href="story.html"/></resource><resource bb:file="res00023.dat"
   bb:title="Intro: Self-Directed Learning for Online/Hybrid Students" identifier="res00023"
   type="resource/x-bb-document" xml:base="res00023"/><resource bb:file="res00024.dat"
   bb:title="About Online/Hybrid Learning at GVSU" identifier="res00024" type="resource/x-bb-document"
   xml:base="res00024"/><resource bb:file="res00025.dat" bb:title="Orientation Overview" identifier="res00025"
   type="resource/x-bb-document" xml:base="res00025"/><resource bb:file="res00026.dat"
   bb:title="About Online / Hybrid Learning at GVSU" identifier="res00026" type="resource/x-bb-document"
   xml:base="res00026"/><resource bb:file="res00027.dat" bb:title="Tips for Online Assessments" identifier="res00027"
   type="resource/x-bb-document" xml:base="res00027"/><resource bb:file="res00028.dat"
   bb:title="Intro: What to Expect with Online Communication and Interaction" identifier="res00028"
   type="resource/x-bb-document" xml:base="res00028"/><resource bb:file="res00029.dat"
   bb:title="3. Tips for Staying Motivated" identifier="res00029" type="resource/x-bb-document"
   xml:base="res00029"/><resource bb:file="res00030.dat" bb:title="Course Definitions" identifier="res00030"
   type="resource/x-bb-document" xml:base="res00030"/><resource bb:file="res00031.dat"
   bb:title="Strategies for becoming a Self-Directed Learner" identifier="res00031" type="resource/x-bb-document"
   xml:base="res00031"/><resource bb:file="res00032.dat" bb:title="Skill Practice - Submitting an Assignment"
   identifier="res00032" type="resource/x-bb-document" xml:base="res00032"/><resource bb:file="res00033.dat"
   bb:title="What to Expect" identifier="res00033" type="resource/x-bb-document" xml:base="res00033"/><resource
   bb:file="res00034.dat" bb:title="Navigating Online Communication &amp; Interaction" identifier="res00034"
   type="resource/x-bb-document" xml:base="res00034"/><resource bb:file="res00035.dat"
   bb:title="Skill Practice: Taking a Quiz/Test" identifier="res00035" type="resource/x-bb-document"
   xml:base="res00035"/><resource bb:file="res00036.dat" bb:title="Complete the Online Readiness Quiz"
   identifier="res00036" type="resource/x-bb-document" xml:base="res00036"/><resource bb:file="res00037.dat"
   bb:title="Choose learning goals that fit your needs and interests" identifier="res00037"
   type="resource/x-bb-document" xml:base="res00037"/><resource bb:file="res00038.dat"
   bb:title="Tips from the GVSU Community!" identifier="res00038" type="resource/x-bb-document"
   xml:base="res00038"/><resource bb:file="res00039.dat" bb:title="Course Navigation Examples" identifier="res00039"
   type="resource/x-bb-document" xml:base="res00039"/><resource bb:file="res00040.dat" bb:title="Expect to Use Tech"
   identifier="res00040" type="resource/x-bb-document" xml:base="res00040"/><resource bb:file="res00041.dat"
   bb:title="6. Log in to Bb and Engage!" identifier="res00041" type="resource/x-bb-document"
   xml:base="res00041"/><resource bb:file="res00042.dat"
   bb:title="Review Minimum Technology Requirements for Online/Hybrid Courses" identifier="res00042"
   type="resource/x-bb-document" xml:base="res00042"/><resource bb:file="res00043.dat"
   bb:title="Setting up Your Blackboard Notification Settings" identifier="res00043" type="resource/x-bb-document"
   xml:base="res00043"/><resource bb:file="res00044.dat" bb:title="Overview of Online Orientation Site (UPDATE)"
   identifier="res00044" type="resource/x-bb-document" xml:base="res00044"/><resource bb:file="res00045.dat"
   bb:title="Think About Your Thinking" identifier="res00045" type="resource/x-bb-document"
   xml:base="res00045"/><resource bb:file="res00046.dat" bb:title="7. Skills for Success Summary" identifier="res00046"
   type="resource/x-bb-document" xml:base="res00046"/><resource bb:file="res00047.dat" bb:title="Manage Your Time"
   identifier="res00047" type="resource/x-bb-document" xml:base="res00047"/><resource bb:file="res00048.dat"
   bb:title="Synchronous Course/Online Office Hours Information" identifier="res00048" type="resource/x-bb-document"
   xml:base="res00048"/><resource bb:file="res00049.dat" bb:title="Resources for Online Students" identifier="res00049"
   type="resource/x-bb-document" xml:base="res00049"/><resource bb:file="res00050.dat" bb:title="Let's Recap"
   identifier="res00050" type="resource/x-bb-document" xml:base="res00050"/><resource bb:file="res00051.dat"
   bb:title="Skill Practice - Email Your Instructor" identifier="res00051" type="resource/x-bb-document"
   xml:base="res00051"/><resource bb:file="res00052.dat" bb:title="Let's Recap" identifier="res00052"
   type="resource/x-bb-document" xml:base="res00052"/><resource bb:file="res00053.dat"
   bb:title="5. Tips for Organizing Files" identifier="res00053" type="resource/x-bb-document"
   xml:base="res00053"/><resource bb:file="res00054.dat" bb:title="Skill Practice: Discussion Board"
   identifier="res00054" type="resource/x-bb-document" xml:base="res00054"><file
    href="html5/data/css/output.min.css"/><file href="html5/data/js/5eKpux8ZraP.js"/><file
    href="html5/data/js/6BrNbxdIXJq.js"/><file href="html5/data/js/6G1iFC82l1g.js"/><file
    href="html5/data/js/6GY5SlAMJIO.js"/><file href="html5/data/js/6K1bN8uSDxa.js"/><file
    href="html5/data/js/6Sp7tfG7wRg.js"/><file href="html5/data/js/data.js"/><file href="html5/data/js/frame.js"/><file
    href="html5/data/js/paths.js"/><file href="html5/lib/scripts/bootstrapper.min.js"/><file
    href="html5/lib/scripts/frame.desktop.min.js"/><file href="html5/lib/scripts/frame.mobile.min.js"/><file
    href="html5/lib/scripts/slides.min.js"/><file href="html5/lib/stylesheets/mobile-fonts/open-sans-bold.woff"/><file
    href="html5/lib/stylesheets/mobile-fonts/open-sans-light.woff"/><file
    href="html5/lib/stylesheets/mobile-fonts/open-sans-regular.woff"/><file
    href="html5/lib/stylesheets/desktop.min.css"/><file href="html5/lib/stylesheets/mobile.min.css"/><file
    href="lms/AICCComm.html"/><file href="lms/blank.html"/><file href="lms/browsersniff.js"/><file
    href="lms/goodbye.html"/><file href="lms/scormdriver.js"/><file
    href="mobile/6emE9FddgeS_DX1176_DY1176_CX588_CY392.png"/><file
    href="mobile/6fNv6UrsqsJ_P_0_0_968_741_DX1636_DY1636_CX968_CY742.png"/><file
    href="mobile/6iKUfgfbuX6_DX3840_DY3840_CX1920_CY1080.png"/><file
    href="mobile/6L7q7TJtFVs_DX1906_DY1906_CX953_CY539.png"/><file
    href="mobile/6RvuSWLV3C3_DX3840_DY3840_CX1920_CY1080.png"/><file
    href="mobile/6X9C9QyQrxL_DX3840_DY3840_CX1920_CY1079.png"/><file href="mobile/txt__default_5cBniLuUjEW.png"/><file
    href="mobile/txt__default_5mYYB6RUZVV.png"/><file href="mobile/txt__default_5pJY19U5vkT.png"/><file
    href="mobile/txt__default_5ZFMzF8fKFM.png"/><file href="mobile/txt__default_6BFWS6u5kEg.png"/><file
    href="mobile/txt__default_6iay6vQi7qS.png"/><file href="mobile/txt__default_6KsxbgX49RD.png"/><file
    href="mobile/txt__default_6QJDguDOxud.png"/><file href="mobile/txt__default_6WXG2LoaF86.png"/><file
    href="story_content/5nANUGeNC5L_44100_160_0.mp3"/><file href="story_content/5p06PhzSQUG_44100_160_0.mp3"/><file
    href="story_content/5tJOeyEk2IN_44100_160_0.mp3"/><file href="story_content/5XOQJ9kmbwo_44100_160_0.mp3"/><file
    href="story_content/6fK36gQKCGC_44100_160_0.mp3"/><file href="story_content/6SvZCu2QvEl_44100_160_0.mp3"/><file
    href="story_content/thumbnail.jpg"/><file href="story_content/user.js"/><file href="adlcp_rootv1p2.xsd"/><file
    href="analytics-frame.html"/><file href="imscp_rootv1p1p2.xsd"/><file href="imsmanifest.xml"/><file
    href="imsmd_rootv1p2p1.xsd"/><file href="ims_xml.xsd"/><file href="index_lms.html"/><file href="meta.xml"/><file
   href="story.html"/></resource><resource bb:file="res00055.dat" bb:title="Keeping Organized in Online Courses"
   identifier="res00055" type="resource/x-bb-document" xml:base="res00055"/><resource bb:file="res00056.dat"
   bb:title="Skill Practice: Checking Your Grades" identifier="res00056" type="resource/x-bb-document"
    xml:base="res00056"><file href="html5/data/css/output.min.css"/><file href="html5/data/js/5ijrCi38uhv.js"/><file
    href="html5/data/js/5qfRB60lFb9.js"/><file href="html5/data/js/5WmCgaBJgbw.js"/><file
    href="html5/data/js/6cCNM1HUJJz.js"/><file href="html5/data/js/6EvRUuyINo9.js"/><file
    href="html5/data/js/6fHCaVk4KMY.js"/><file href="html5/data/js/6HNvcQvnwpA.js"/><file
    href="html5/data/js/6IOYFmlZk2j.js"/><file href="html5/data/js/6lK5nqRvWZk.js"/><file
    href="html5/data/js/6QPhNlXh7xz.js"/><file href="html5/data/js/6Tz6hu74Zji.js"/><file
    href="html5/data/js/data.js"/><file href="html5/data/js/frame.js"/><file href="html5/data/js/paths.js"/><file
    href="html5/lib/scripts/bootstrapper.min.js"/><file href="html5/lib/scripts/frame.desktop.min.js"/><file
    href="html5/lib/scripts/frame.mobile.min.js"/><file href="html5/lib/scripts/slides.min.js"/><file
    href="html5/lib/stylesheets/mobile-fonts/open-sans-bold.woff"/><file
    href="html5/lib/stylesheets/mobile-fonts/open-sans-light.woff"/><file
    href="html5/lib/stylesheets/mobile-fonts/open-sans-regular.woff"/><file
    href="html5/lib/stylesheets/desktop.min.css"/><file href="html5/lib/stylesheets/mobile.min.css"/><file
    href="lms/AICCComm.html"/><file href="lms/blank.html"/><file href="lms/browsersniff.js"/><file
    href="lms/goodbye.html"/><file href="lms/scormdriver.js"/><file
    href="mobile/5qLO7XOiZUp_DX3828_DY3828_CX1914_CY1080.png"/><file
    href="mobile/61znuPrvbCo_DX3840_DY3840_CX1920_CY1080.png"/><file
    href="mobile/6cXZnWcxuRq_DX3840_DY3840_CX1920_CY1080.png"/><file
    href="mobile/6emE9FddgeS_DX1176_DY1176_CX588_CY392.png"/><file
    href="mobile/6fNv6UrsqsJ_P_0_0_968_741_DX1636_DY1636_CX968_CY742.png"/><file
    href="mobile/6I4SKwXqJMY_DX3840_DY3840_CX1920_CY1080.png"/><file
    href="mobile/6L7q7TJtFVs_DX1906_DY1906_CX953_CY539.png"/><file
    href="mobile/6lYP3X0H1qo_DX3840_DY3840_CX1920_CY1080.png"/><file
    href="mobile/6MyAU2EfK4F_DX3840_DY3840_CX1920_CY1080.png"/><file
    href="mobile/6WPxoVEMuD5_DX3840_DY3840_CX1920_CY1080.png"/><file href="mobile/txt__default_5kl6KY09Wj5.png"/><file
    href="mobile/txt__default_5pGu12c6Bgt.png"/><file href="mobile/txt__default_5UlhqT92FmO.png"/><file
    href="mobile/txt__default_5vRS9awkyFt.png"/><file href="mobile/txt__default_5yxEalSx4XK.png"/><file
    href="mobile/txt__default_6m4cFuaQGpc.png"/><file href="mobile/txt__default_6mvGq21v1y6.png"/><file
    href="mobile/txt__default_6VLF38NH6Gh.png"/><file href="mobile/txt__default_6WgUA980sFA.png"/><file
    href="mobile/txt__default_6YcEWALtD1a.png"/><file href="story_content/5e2nYXbLll2_44100_160_0.mp3"/><file
    href="story_content/5iORcvvmQs5_44100_160_0.mp3"/><file href="story_content/5m4Bxe5nQlh_44100_160_0.mp3"/><file
    href="story_content/5p06PhzSQUG_44100_160_0.mp3"/><file href="story_content/5r31CHo1SYU_44100_160_0.mp3"/><file
    href="story_content/62iZNrNTX4I_44100_160_0.mp3"/><file href="story_content/67I3USZYg7d_44100_160_0.mp3"/><file
    href="story_content/67MaVVDvqQT_44100_160_0.mp3"/><file href="story_content/6Mk41hiwKz4_44100_160_0.mp3"/><file
    href="story_content/6nk8YgfmbF0_44100_160_0.mp3"/><file href="story_content/6Uh8HXYxxrd_44100_160_0.mp3"/><file
    href="story_content/thumbnail.jpg"/><file href="story_content/user.js"/><file href="adlcp_rootv1p2.xsd"/><file
    href="analytics-frame.html"/><file href="imscp_rootv1p1p2.xsd"/><file href="imsmanifest.xml"/><file
    href="imsmd_rootv1p2p1.xsd"/><file href="ims_xml.xsd"/><file href="index_lms.html"/><file href="meta.xml"/><file
   href="story.html"/></resource><resource bb:file="res00057.dat" bb:title="Tip #3: Managing Your Time"
   identifier="res00057" type="resource/x-bb-document" xml:base="res00057"/><resource bb:file="res00058.dat"
   bb:title="4. Tips for Pacing Yourself" identifier="res00058" type="resource/x-bb-document"
   xml:base="res00058"/><resource bb:file="res00059.dat" bb:title="7. Checklist for Starting your Online/Hybrid Course"
   identifier="res00059" type="resource/x-bb-document" xml:base="res00059"/><resource bb:file="res00060.dat"
   bb:title="2. Tips for Self-Directed Learning" identifier="res00060" type="resource/x-bb-document"
   xml:base="res00060"/><resource bb:file="res00061.dat" bb:title="Skills for Success in Online/Hybrid Learning"
   identifier="res00061" type="resource/x-bb-document" xml:base="res00061"/><resource bb:file="res00062.dat"
   bb:title="ultraDocumentBody" identifier="res00062" type="resource/x-bb-document" xml:base="res00062"/><resource
   bb:file="res00063.dat" bb:title="ultraDocumentBody" identifier="res00063" type="resource/x-bb-document"
   xml:base="res00063"/><resource bb:file="res00064.dat" bb:title="ultraDocumentBody" identifier="res00064"
   type="resource/x-bb-document" xml:base="res00064"/><resource bb:file="res00065.dat" bb:title="ultraDocumentBody"
   identifier="res00065" type="resource/x-bb-document" xml:base="res00065"/><resource bb:file="res00066.dat"
   bb:title="ultraDocumentBody" identifier="res00066" type="resource/x-bb-document" xml:base="res00066"/><resource
   bb:file="res00067.dat" bb:title="ultraDocumentBody" identifier="res00067" type="resource/x-bb-document"
   xml:base="res00067"/><resource bb:file="res00068.dat" bb:title="ultraDocumentBody" identifier="res00068"
   type="resource/x-bb-document" xml:base="res00068"/><resource bb:file="res00069.dat" bb:title="ultraDocumentBody"
   identifier="res00069" type="resource/x-bb-document" xml:base="res00069"/><resource bb:file="res00070.dat"
   bb:title="ultraDocumentBody" identifier="res00070" type="resource/x-bb-document" xml:base="res00070"/><resource
   bb:file="res00071.dat" bb:title="ultraDocumentBody" identifier="res00071" type="resource/x-bb-document"
   xml:base="res00071"/><resource bb:file="res00072.dat" bb:title="ultraDocumentBody" identifier="res00072"
   type="resource/x-bb-document" xml:base="res00072"/><resource bb:file="res00073.dat" bb:title="ultraDocumentBody"
   identifier="res00073" type="resource/x-bb-document" xml:base="res00073"/><resource bb:file="res00074.dat"
   bb:title="ultraDocumentBody" identifier="res00074" type="resource/x-bb-document" xml:base="res00074"/><resource
   bb:file="res00075.dat" bb:title="ultraDocumentBody" identifier="res00075" type="resource/x-bb-document"
   xml:base="res00075"/><resource bb:file="res00076.dat" bb:title="ultraDocumentBody" identifier="res00076"
   type="resource/x-bb-document" xml:base="res00076"/><resource bb:file="res00077.dat" bb:title="ultraDocumentBody"
   identifier="res00077" type="resource/x-bb-document" xml:base="res00077"/><resource bb:file="res00078.dat"
   bb:title="ultraDocumentBody" identifier="res00078" type="resource/x-bb-document" xml:base="res00078"/><resource
   bb:file="res00079.dat" bb:title="ultraDocumentBody" identifier="res00079" type="resource/x-bb-document"
   xml:base="res00079"/><resource bb:file="res00080.dat" bb:title="ultraDocumentBody" identifier="res00080"
   type="resource/x-bb-document" xml:base="res00080"/><resource bb:file="res00081.dat" bb:title="ultraDocumentBody"
   identifier="res00081" type="resource/x-bb-document" xml:base="res00081"/><resource bb:file="res00082.dat"
   bb:title="ultraDocumentBody" identifier="res00082" type="resource/x-bb-document" xml:base="res00082"/><resource
   bb:file="res00083.dat" bb:title="ultraDocumentBody" identifier="res00083" type="resource/x-bb-document"
   xml:base="res00083"/><resource bb:file="res00084.dat" bb:title="ultraDocumentBody" identifier="res00084"
   type="resource/x-bb-document" xml:base="res00084"/><resource bb:file="res00085.dat" bb:title="ultraDocumentBody"
   identifier="res00085" type="resource/x-bb-document" xml:base="res00085"/><resource bb:file="res00086.dat"
   bb:title="ultraDocumentBody" identifier="res00086" type="resource/x-bb-document" xml:base="res00086"/><resource
   bb:file="res00087.dat" bb:title="ultraDocumentBody" identifier="res00087" type="resource/x-bb-document"
   xml:base="res00087"/><resource bb:file="res00088.dat" bb:title="ultraDocumentBody" identifier="res00088"
   type="resource/x-bb-document" xml:base="res00088"/><resource bb:file="res00089.dat" bb:title="ultraDocumentBody"
   identifier="res00089" type="resource/x-bb-document" xml:base="res00089"/><resource bb:file="res00090.dat"
   bb:title="ultraDocumentBody" identifier="res00090" type="resource/x-bb-document" xml:base="res00090"/><resource
   bb:file="res00091.dat" bb:title="ultraDocumentBody" identifier="res00091" type="resource/x-bb-document"
   xml:base="res00091"/><resource bb:file="res00092.dat" bb:title="ultraDocumentBody" identifier="res00092"
   type="resource/x-bb-document" xml:base="res00092"/><resource bb:file="res00093.dat" bb:title="--TOP--"
   identifier="res00093" type="resource/x-bb-document" xml:base="res00093"/><resource bb:file="res00094.dat"
   bb:title="--TOP--" identifier="res00094" type="resource/x-bb-document" xml:base="res00094"/><resource
   bb:file="res00095.dat" bb:title="LearnRubrics" identifier="res00095" type="course/x-bb-rubrics"
   xml:base="res00095"/><resource bb:file="res00096.dat" bb:title="Gradebook" identifier="res00096"
   type="course/x-bb-gradebook" xml:base="res00096"/><resource bb:file="res00097.dat" bb:title="Course Assessment"
   identifier="res00097" type="course/x-bb-courseassessment" xml:base="res00097"/><resource bb:file="res00098.dat"
   bb:title="Course Assessment" identifier="res00098" type="course/x-bb-courseassessment" xml:base="res00098"/><resource
   bb:file="res00099.dat" bb:title="New Assignment 4/11/22" identifier="res00099" type="resource/x-bb-link"
   xml:base="res00099"/><resource bb:file="res00100.dat" bb:title="New Test 4/18/22" identifier="res00100"
   type="resource/x-bb-link" xml:base="res00100"/><resource bb:file="res00101.dat" bb:title="Rule 1"
   identifier="res00101" type="course/x-bb-availability-rule" xml:base="res00101"/><resource bb:file="res00102.dat"
   bb:title="" identifier="res00102" type="course/x-bb-availability-rule" xml:base="res00102"/><resource
   bb:file="res00103.dat" bb:title="" identifier="res00103" type="course/x-bb-availability-rule"
   xml:base="res00103"/><resource bb:file="res00104.dat" bb:title="" identifier="res00104"
   type="course/x-bb-availability-rule" xml:base="res00104"/><resource bb:file="res00105.dat" bb:title=""
   identifier="res00105" type="course/x-bb-availability-rule" xml:base="res00105"/><resource bb:file="res00106.dat"
   bb:title="" identifier="res00106" type="course/x-bb-availability-rule" xml:base="res00106"/><resource
   bb:file="res00107.dat" bb:title="" identifier="res00107" type="course/x-bb-availability-rule"
   xml:base="res00107"/><resource bb:file="res00108.dat" bb:title="Rule 1" identifier="res00108"
   type="course/x-bb-availability-rule" xml:base="res00108"/><resource bb:file="res00109.dat" bb:title=""
   identifier="res00109" type="course/x-bb-availability-rule" xml:base="res00109"/><resource bb:file="res00110.dat"
   bb:title="" identifier="res00110" type="course/x-bb-availability-rule" xml:base="res00110"/><resource
   bb:file="res00111.dat" bb:title="CSResourceLinks" identifier="res00111" type="course/x-bb-csresourcelinks"
   xml:base="res00111"/><resource bb:file="res00112.dat" bb:title="Standard Alignments" identifier="res00112"
   type="course/x-bb-stdsalignments" xml:base="res00112"/><resource bb:file="res00113.dat"
   bb:title="CourseRubricAssociation" identifier="res00113" type="course/x-bb-crsrubricassocation"
   xml:base="res00113"/><resource bb:file="res00114.dat" bb:title="BB_EWS_RULE_" identifier="res00114"
   type="resource/x-bb-retention" xml:base="res00114"/><resource bb:file="res00115.dat" bb:title="_10275164_1"
   identifier="res00115" type="resource/x-plugin-scormengine" xml:base="res00115"/><resource bb:file="res00116.dat"
   bb:title="_10275170_1" identifier="res00116" type="resource/x-plugin-scormengine" xml:base="res00116"/><resource
   bb:file="res00117.dat" bb:title="_11986507_1" identifier="res00117" type="resource/x-plugin-scormengine"
   xml:base="res00117"/><resource bb:file="res00118.dat" bb:title="_10280691_1" identifier="res00118"
   type="resource/x-plugin-scormengine" xml:base="res00118"/></resources></manifest>
