﻿<?xml version="1.0" encoding="utf-8"?>
<manifest identifier="_6WvGhoAOhzu" version="1.0" xmlns="http://www.imsproject.org/xsd/imscp_rootv1p1p2" xmlns:adlcp="http://www.adlnet.org/xsd/adlcp_rootv1p2" xmlns:xsi="http://www.w3.org/2001/XMLSchema-instance" xsi:schemaLocation="http://www.imsproject.org/xsd/imscp_rootv1p1p2 imscp_rootv1p1p2.xsd http://www.imsglobal.org/xsd/imsmd_rootv1p2p1 imsmd_rootv1p2p1.xsd http://www.adlnet.org/xsd/adlcp_rootv1p2 adlcp_rootv1p2.xsd">
  <metadata>
    <schema>ADL SCORM</schema>
    <schemaversion>1.2</schemaversion>
    <lom xmlns="http://www.imsglobal.org/xsd/imsmd_rootv1p2p1" xmlns:xsi="http://www.w3.org/2001/XMLSchema-instance" xsi:schemaLocation="http://www.imsglobal.org/xsd/imsmd_rootv1p2p1 imsmd_rootv1p2p1.xsd">
      <general>
        <title>
          <langstring xml:lang="x-none">ONLINE HYBRID CERTIFICATION </langstring>
        </title>
      </general>
      <lifecycle>
        <version>
          <langstring xml:lang="x-none">1</langstring>
        </version>
        <status>
          <source>
            <langstring xml:lang="x-none">LOMv1.0</langstring>
          </source>
          <value>
            <langstring xml:lang="x-none">Final</langstring>
          </value>
        </status>
      </lifecycle>
      <metametadata>
        <metadatascheme>ADL SCORM 1.2</metadatascheme>
      </metametadata>
      <educational>
        <typicallearningtime>
          <datetime>PT0H0M0S</datetime>
        </typicallearningtime>
      </educational>
      <rights>
        <cost>
          <source>
            <langstring xml:lang="x-none">LOMv1.0</langstring>
          </source>
          <value>
            <langstring xml:lang="x-none">yes</langstring>
          </value>
        </cost>
        <copyrightandotherrestrictions>
          <source>
            <langstring xml:lang="x-none">LOMv1.0</langstring>
          </source>
          <value>
            <langstring xml:lang="x-none">yes</langstring>
          </value>
        </copyrightandotherrestrictions>
      </rights>
    </lom>
  </metadata>
  <organizations default="ONLINE_HYBRID_CERTIFICATION__ORG">
    <organization identifier="ONLINE_HYBRID_CERTIFICATION__ORG">
      <title>ONLINE HYBRID CERTIFICATION </title>
      <item identifier="ONLINE_HYBRID_CERTIFICATION_SCO" isvisible="true" identifierref="__6WvGhoAOhzu_RES">
        <title>ONLINE HYBRID CERTIFICATION</title>
      </item>
    </organization>
  </organizations>
  <resources>
    <resource identifier="__6WvGhoAOhzu_RES" type="webcontent" href="index_lms.html" adlcp:scormtype="sco">
      <file href="story_content/thumbnail.jpg" />
      <file href="mobile/6OYGgm1mV5s_80_P_0_0_634_740_DX1442_DY1442_CX634_CY741.png" />
      <file href="mobile/5oZPkH1GyHm_80_DX1282_DY1282_CX849_CY849.jpg" />
      <file href="mobile/6OYGgm1mV5s_80_DX1442_DY1442_CX543_CY634.png" />
      <file href="meta.xml" />
      <file href="story_content/user.js" />
      <file href="story_content/external_files/Hybrid_Certificate_Fillable_V1.pdf" />
      <file href="html5/data/css/output.min.css" />
      <file href="html5/data/js/5fL9Y1ScTFn.js" />
      <file href="html5/data/js/5mHtX4yJFtL.js" />
      <file href="html5/data/js/5qClbn9nJfz.js" />
      <file href="html5/data/js/5VrLK93pwEB.js" />
      <file href="html5/data/js/5VXObfhG1VE.js" />
      <file href="html5/data/js/5XPHeQeWTGj.js" />
      <file href="html5/data/js/64gl18BRyRn.js" />
      <file href="html5/data/js/6aKa2IiYTZq.js" />
      <file href="html5/data/js/6CCeB2xPeXO.js" />
      <file href="html5/data/js/6itEoRi3WSL.js" />
      <file href="html5/data/js/6JshdGaMVvB.js" />
      <file href="html5/data/js/6XbSyFuLSoM.js" />
      <file href="html5/data/js/data.js" />
      <file href="html5/data/js/frame.js" />
      <file href="html5/data/js/paths.js" />
      <file href="html5/lib/scripts/bootstrapper.min.js" />
      <file href="html5/lib/scripts/frame.desktop.min.js" />
      <file href="html5/lib/scripts/frame.mobile.min.js" />
      <file href="html5/lib/scripts/slides.min.js" />
      <file href="html5/lib/stylesheets/desktop.min.css" />
      <file href="html5/lib/stylesheets/mobile.min.css" />
      <file href="html5/lib/stylesheets/mobile-fonts/open-sans-bold.woff" />
      <file href="html5/lib/stylesheets/mobile-fonts/open-sans-light.woff" />
      <file href="html5/lib/stylesheets/mobile-fonts/open-sans-regular.woff" />
      <file href="analytics-frame.html" />
      <file href="story.html" />
      <file href="index_lms.html" />
      <file href="lms/AICCComm.html" />
      <file href="lms/blank.html" />
      <file href="lms/browsersniff.js" />
      <file href="lms/goodbye.html" />
      <file href="lms/scormdriver.js" />
    </resource>
  </resources>
</manifest>