﻿<?xml version="1.0" encoding="utf-8"?>
<manifest identifier="_6VLVaxnVx9L" version="1.0" xmlns="http://www.imsproject.org/xsd/imscp_rootv1p1p2" xmlns:adlcp="http://www.adlnet.org/xsd/adlcp_rootv1p2" xmlns:xsi="http://www.w3.org/2001/XMLSchema-instance" xsi:schemaLocation="http://www.imsproject.org/xsd/imscp_rootv1p1p2 imscp_rootv1p1p2.xsd http://www.imsglobal.org/xsd/imsmd_rootv1p2p1 imsmd_rootv1p2p1.xsd http://www.adlnet.org/xsd/adlcp_rootv1p2 adlcp_rootv1p2.xsd">
  <metadata>
    <schema>ADL SCORM</schema>
    <schemaversion>1.2</schemaversion>
    <lom xmlns="http://www.imsglobal.org/xsd/imsmd_rootv1p2p1" xmlns:xsi="http://www.w3.org/2001/XMLSchema-instance" xsi:schemaLocation="http://www.imsglobal.org/xsd/imsmd_rootv1p2p1 imsmd_rootv1p2p1.xsd">
      <general>
        <title>
          <langstring xml:lang="x-none">Blackboard Ultra Gradebook</langstring>
        </title>
      </general>
      <lifecycle>
        <version>
          <langstring xml:lang="x-none">1</langstring>
        </version>
        <status>
          <source>
            <langstring xml:lang="x-none">LOMv1.0</langstring>
          </source>
          <value>
            <langstring xml:lang="x-none">Final</langstring>
          </value>
        </status>
      </lifecycle>
      <metametadata>
        <metadatascheme>ADL SCORM 1.2</metadatascheme>
      </metametadata>
      <educational>
        <typicallearningtime>
          <datetime>PT0H0M0S</datetime>
        </typicallearningtime>
      </educational>
      <rights>
        <cost>
          <source>
            <langstring xml:lang="x-none">LOMv1.0</langstring>
          </source>
          <value>
            <langstring xml:lang="x-none">yes</langstring>
          </value>
        </cost>
        <copyrightandotherrestrictions>
          <source>
            <langstring xml:lang="x-none">LOMv1.0</langstring>
          </source>
          <value>
            <langstring xml:lang="x-none">yes</langstring>
          </value>
        </copyrightandotherrestrictions>
      </rights>
    </lom>
  </metadata>
  <organizations default="Blackboard_Ultra_Gradebook_ORG">
    <organization identifier="Blackboard_Ultra_Gradebook_ORG">
      <title>Blackboard Ultra Gradebook</title>
      <item identifier="Blackboard_Ultra_Tutorial_SCO" isvisible="true" identifierref="__6VLVaxnVx9L_RES">
        <title>Blackboard Ultra Tutorial</title>
      </item>
    </organization>
  </organizations>
  <resources>
    <resource identifier="__6VLVaxnVx9L_RES" type="webcontent" href="index_lms.html" adlcp:scormtype="sco">
      <file href="story_content/thumbnail.jpg" />
      <file href="mobile/6L7q7TJtFVs_DX1906_DY1906_CX953_CY539.png" />
      <file href="mobile/6emE9FddgeS_DX1176_DY1176_CX588_CY392.png" />
      <file href="mobile/6fNv6UrsqsJ_P_0_0_968_741_DX1636_DY1636_CX968_CY742.png" />
      <file href="story_content/67MaVVDvqQT_44100_160_0.mp3" />
      <file href="mobile/5qLO7XOiZUp_DX3828_DY3828_CX1914_CY1080.png" />
      <file href="story_content/5p06PhzSQUG_44100_160_0.mp3" />
      <file href="mobile/6lYP3X0H1qo_DX3840_DY3840_CX1920_CY1080.png" />
      <file href="story_content/62iZNrNTX4I_44100_160_0.mp3" />
      <file href="mobile/6I4SKwXqJMY_DX3840_DY3840_CX1920_CY1080.png" />
      <file href="story_content/6Uh8HXYxxrd_44100_160_0.mp3" />
      <file href="story_content/5e2nYXbLll2_44100_160_0.mp3" />
      <file href="story_content/5r31CHo1SYU_44100_160_0.mp3" />
      <file href="mobile/6WPxoVEMuD5_DX3840_DY3840_CX1920_CY1080.png" />
      <file href="story_content/6nk8YgfmbF0_44100_160_0.mp3" />
      <file href="mobile/61znuPrvbCo_DX3840_DY3840_CX1920_CY1080.png" />
      <file href="story_content/6Mk41hiwKz4_44100_160_0.mp3" />
      <file href="story_content/5m4Bxe5nQlh_44100_160_0.mp3" />
      <file href="mobile/6cXZnWcxuRq_DX3840_DY3840_CX1920_CY1080.png" />
      <file href="story_content/67I3USZYg7d_44100_160_0.mp3" />
      <file href="mobile/6MyAU2EfK4F_DX3840_DY3840_CX1920_CY1080.png" />
      <file href="story_content/5iORcvvmQs5_44100_160_0.mp3" />
      <file href="meta.xml" />
      <file href="story_content/user.js" />
      <file href="mobile/txt__default_5vRS9awkyFt.png" />
      <file href="mobile/txt__default_6WgUA980sFA.png" />
      <file href="mobile/txt__default_6mvGq21v1y6.png" />
      <file href="mobile/txt__default_5UlhqT92FmO.png" />
      <file href="mobile/txt__default_6YcEWALtD1a.png" />
      <file href="mobile/txt__default_5kl6KY09Wj5.png" />
      <file href="mobile/txt__default_6VLF38NH6Gh.png" />
      <file href="mobile/txt__default_6m4cFuaQGpc.png" />
      <file href="mobile/txt__default_5yxEalSx4XK.png" />
      <file href="mobile/txt__default_5pGu12c6Bgt.png" />
      <file href="html5/data/css/output.min.css" />
      <file href="html5/data/js/5ijrCi38uhv.js" />
      <file href="html5/data/js/5qfRB60lFb9.js" />
      <file href="html5/data/js/5WmCgaBJgbw.js" />
      <file href="html5/data/js/6cCNM1HUJJz.js" />
      <file href="html5/data/js/6EvRUuyINo9.js" />
      <file href="html5/data/js/6fHCaVk4KMY.js" />
      <file href="html5/data/js/6HNvcQvnwpA.js" />
      <file href="html5/data/js/6IOYFmlZk2j.js" />
      <file href="html5/data/js/6lK5nqRvWZk.js" />
      <file href="html5/data/js/6QPhNlXh7xz.js" />
      <file href="html5/data/js/6Tz6hu74Zji.js" />
      <file href="html5/data/js/data.js" />
      <file href="html5/data/js/frame.js" />
      <file href="html5/data/js/paths.js" />
      <file href="html5/lib/scripts/bootstrapper.min.js" />
      <file href="html5/lib/scripts/frame.desktop.min.js" />
      <file href="html5/lib/scripts/frame.mobile.min.js" />
      <file href="html5/lib/scripts/slides.min.js" />
      <file href="html5/lib/stylesheets/desktop.min.css" />
      <file href="html5/lib/stylesheets/mobile.min.css" />
      <file href="html5/lib/stylesheets/mobile-fonts/open-sans-bold.woff" />
      <file href="html5/lib/stylesheets/mobile-fonts/open-sans-light.woff" />
      <file href="html5/lib/stylesheets/mobile-fonts/open-sans-regular.woff" />
      <file href="analytics-frame.html" />
      <file href="story.html" />
      <file href="index_lms.html" />
      <file href="lms/AICCComm.html" />
      <file href="lms/blank.html" />
      <file href="lms/browsersniff.js" />
      <file href="lms/goodbye.html" />
      <file href="lms/scormdriver.js" />
    </resource>
  </resources>
</manifest>