<?xml version="1.0" encoding="UTF-8"?>
<manifest identifier="man00001" xmlns:bb="http://www.blackboard.com/content-packaging/"><organizations
   default="toc00001"><organization identifier="toc00001"><item identifier="itm00001"
     identifierref="res00006"><title>ROOT</title><item identifier="itm00004"
      identifierref="res00059"><title>--TOP--</title><item identifier="itm00005"
       identifierref="res00060"><title>&#x1f4cc;Begin Here: Welcome and an Introduction</title><item
       identifier="itm00024" identifierref="res00079"><title>ultraDocumentBody</title></item></item><item
      identifier="itm00006" identifierref="res00061"><title>What's New in this Training?</title><item
       identifier="itm00023" identifierref="res00078"><title>ultraDocumentBody</title></item></item><item
      identifier="itm00007" identifierref="res00062"><title>Ultra Vocabulary</title><item identifier="itm00016"
      identifierref="res00071"><title>ultraDocumentBody</title></item></item><item identifier="itm00008"
       identifierref="res00063"><title>Frequently Asked Questions</title><item identifier="itm00018"
      identifierref="res00073"><title>ultraDocumentBody</title></item></item><item identifier="itm00009"
       identifierref="res00064"><title>Best Practices in Ultra Course Development &amp; Sample Ultra Course Tours</title><item
       identifier="itm00019" identifierref="res00074"><title>Putting Ultra's Features to Use</title><item
        identifier="itm00068" identifierref="res00123"><title>ultraDocumentBody</title></item></item><item
       identifier="itm00028"
      identifierref="res00083"><title>Watch Course Tours and Ultra Testimonials</title></item></item><item
      identifier="itm00010" identifierref="res00065"><title>Module 1: Ultra Essentials</title><item
       identifier="itm00020" identifierref="res00075"><title>Ultra Base Navigation</title><item identifier="itm00093"
       identifierref="res00148"><title>ultraDocumentBody</title></item></item><item identifier="itm00030"
        identifierref="res00085"><title>Ultra Course View</title><item identifier="itm00092"
       identifierref="res00147"><title>ultraDocumentBody</title></item></item><item identifier="itm00034"
        identifierref="res00089"><title>The Course Roster</title><item identifier="itm00091"
       identifierref="res00146"><title>ultraDocumentBody</title></item></item><item identifier="itm00041"
        identifierref="res00096"><title>Course Availability</title><item identifier="itm00090"
       identifierref="res00145"><title>ultraDocumentBody</title></item></item><item identifier="itm00045"
        identifierref="res00100"><title>Announcements</title><item identifier="itm00089"
       identifierref="res00144"><title>ultraDocumentBody</title></item></item><item identifier="itm00048"
        identifierref="res00103"><title>Adding a Course Image</title><item identifier="itm00084"
       identifierref="res00139"><title>ultraDocumentBody</title></item></item><item identifier="itm00053"
        identifierref="res00108"><title>Webinar Recordings</title><item identifier="itm00081"
      identifierref="res00136"><title>ultraDocumentBody</title></item></item></item><item identifier="itm00011"
       identifierref="res00066"><title>Module 2: Building Content</title><item identifier="itm00026"
        identifierref="res00081"><title>Content Basics</title><item identifier="itm00079"
       identifierref="res00134"><title>ultraDocumentBody</title></item></item><item identifier="itm00032"
        identifierref="res00087"><title>Learning Modules and Folders</title><item identifier="itm00077"
       identifierref="res00132"><title>ultraDocumentBody</title></item></item><item identifier="itm00036"
        identifierref="res00091"><title>Uploading Content</title><item identifier="itm00075"
       identifierref="res00130"><title>ultraDocumentBody</title></item></item><item identifier="itm00038"
        identifierref="res00093"><title>Adding Links</title><item identifier="itm00074"
       identifierref="res00129"><title>ultraDocumentBody</title></item></item><item identifier="itm00043"
        identifierref="res00098"><title>Creating Documents</title><item identifier="itm00066"
       identifierref="res00121"><title>ultraDocumentBody</title></item></item><item identifier="itm00049"
        identifierref="res00104"><title>Adding Panopto Videos</title><item identifier="itm00107"
       identifierref="res00162"><title>ultraDocumentBody</title></item></item><item identifier="itm00051"
        identifierref="res00106"><title>Managing Content</title><item identifier="itm00104"
       identifierref="res00159"><title>ultraDocumentBody</title></item></item><item identifier="itm00057"
        identifierref="res00112"><title>Batch Editing Content</title><item identifier="itm00102"
       identifierref="res00157"><title>ultraDocumentBody</title></item></item><item identifier="itm00060"
        identifierref="res00115"><title>Student Preview</title><item identifier="itm00099"
       identifierref="res00154"><title>ultraDocumentBody</title></item></item><item identifier="itm00061"
        identifierref="res00116"><title>Release Conditions</title><item identifier="itm00096"
       identifierref="res00151"><title>ultraDocumentBody</title></item></item><item identifier="itm00063"
        identifierref="res00118"><title>Copying Content</title><item identifier="itm00094"
       identifierref="res00149"><title>ultraDocumentBody</title></item></item><item identifier="itm00064"
        identifierref="res00119"><title>Webinar Recordings</title><item identifier="itm00095"
      identifierref="res00150"><title>ultraDocumentBody</title></item></item></item><item identifier="itm00012"
       identifierref="res00067"><title>Module 3: Communications</title><item identifier="itm00022"
        identifierref="res00077"><title>Discussions</title><item identifier="itm00097"
       identifierref="res00152"><title>ultraDocumentBody</title></item></item><item identifier="itm00031"
        identifierref="res00086"><title>Conversations</title><item identifier="itm00098"
       identifierref="res00153"><title>ultraDocumentBody</title></item></item><item identifier="itm00033"
        identifierref="res00088"><title>Messages</title><item identifier="itm00100"
       identifierref="res00155"><title>ultraDocumentBody</title></item></item><item identifier="itm00040"
        identifierref="res00095"><title>Webinar Recordings</title><item identifier="itm00101"
      identifierref="res00156"><title>ultraDocumentBody</title></item></item></item><item identifier="itm00013"
       identifierref="res00068"><title>Module 4: Assessment in Ultra</title><item identifier="itm00025"
        identifierref="res00080"><title>Assignments</title><item identifier="itm00103"
       identifierref="res00158"><title>ultraDocumentBody</title></item></item><item identifier="itm00027"
        identifierref="res00082"><title>Journals</title><item identifier="itm00105"
       identifierref="res00160"><title>ultraDocumentBody</title></item></item><item identifier="itm00037"
        identifierref="res00092"><title>What Happened to Blogs and Wikis?</title><item identifier="itm00106"
       identifierref="res00161"><title>ultraDocumentBody</title></item></item><item identifier="itm00039"
        identifierref="res00094"><title>Tests</title><item identifier="itm00065"
       identifierref="res00120"><title>ultraDocumentBody</title></item></item><item identifier="itm00046"
        identifierref="res00101"><title>Question Banks</title><item identifier="itm00067"
       identifierref="res00122"><title>ultraDocumentBody</title></item></item><item identifier="itm00050"
        identifierref="res00105"><title>Panopto Video Assignments</title><item identifier="itm00069"
       identifierref="res00124"><title>ultraDocumentBody</title></item></item><item identifier="itm00054"
        identifierref="res00109"><title>Rubrics</title><item identifier="itm00070"
       identifierref="res00125"><title>ultraDocumentBody</title></item></item><item identifier="itm00055"
        identifierref="res00110"><title>SafeAssign</title><item identifier="itm00071"
       identifierref="res00126"><title>ultraDocumentBody</title></item></item><item identifier="itm00058"
        identifierref="res00113"><title>Attendance</title><item identifier="itm00072"
       identifierref="res00127"><title>ultraDocumentBody</title></item></item><item identifier="itm00062"
        identifierref="res00117"><title>Webinar Recordings</title><item identifier="itm00073"
      identifierref="res00128"><title>ultraDocumentBody</title></item></item></item><item identifier="itm00014"
       identifierref="res00069"><title>Module 5: Gradebook</title><item identifier="itm00017"
        identifierref="res00072"><title>Gradebook Overview</title><item identifier="itm00076"
       identifierref="res00131"><title>ultraDocumentBody</title></item></item><item identifier="itm00029"
        identifierref="res00084"><title>The Overall Grade</title><item identifier="itm00078"
       identifierref="res00133"><title>ultraDocumentBody</title></item></item><item identifier="itm00035"
        identifierref="res00090"><title>Grade Calculations</title><item identifier="itm00080"
       identifierref="res00135"><title>ultraDocumentBody</title></item></item><item identifier="itm00042"
        identifierref="res00097"><title>The Grading Workflow</title><item identifier="itm00082"
       identifierref="res00137"><title>ultraDocumentBody</title></item></item><item identifier="itm00044"
        identifierref="res00099"><title>Gradebook Settings, Grading Schemas, and Categories</title><item
        identifier="itm00083" identifierref="res00138"><title>ultraDocumentBody</title></item></item><item
       identifier="itm00047" identifierref="res00102"><title>Groups</title><item identifier="itm00085"
       identifierref="res00140"><title>ultraDocumentBody</title></item></item><item identifier="itm00052"
        identifierref="res00107"><title>Accommodations and Exceptions</title><item identifier="itm00086"
       identifierref="res00141"><title>ultraDocumentBody</title></item></item><item identifier="itm00056"
        identifierref="res00111"><title>Audio and Video Feedback</title><item identifier="itm00087"
       identifierref="res00142"><title>ultraDocumentBody</title></item></item><item identifier="itm00059"
        identifierref="res00114"><title>Webinar Recordings</title><item identifier="itm00088"
      identifierref="res00143"><title>ultraDocumentBody</title></item></item></item><item identifier="itm00015"
       identifierref="res00070"><title>&#x1f6a7; Need help or want to talk to someone?</title><item
       identifier="itm00021" identifierref="res00076"><title>ultraDocumentBody</title></item></item></item></item><item
    identifier="itm00002" identifierref="res00007"><title>INTERACTIVE</title><item identifier="itm00108"
      identifierref="res00163"><title>--TOP--</title><item identifier="itm00109"
    identifierref="res00164"><title>Questions and Answers</title></item></item></item><item identifier="itm00003"
     identifierref="res00008"><title>INDIRECT</title><item identifier="itm00110"
      identifierref="res00165"><title>--TOP--</title><item identifier="itm00111"
      identifierref="res00166"><title>Welcome and an Introduction</title></item><item identifier="itm00112"
      identifierref="res00167"><title>Ultra Vocabulary</title></item><item identifier="itm00113"
      identifierref="res00168"><title>Ultra Base Navigation</title></item><item identifier="itm00114"
      identifierref="res00169"><title>Ultra Course View</title></item><item identifier="itm00115"
      identifierref="res00170"><title>The Course Roster</title></item><item identifier="itm00116"
      identifierref="res00171"><title>Course Availability</title></item><item identifier="itm00117"
      identifierref="res00172"><title>Announcements</title></item><item identifier="itm00118"
      identifierref="res00173"><title>Adding a Course Image</title></item><item identifier="itm00119"
      identifierref="res00174"><title>Content Basics</title></item><item identifier="itm00120"
      identifierref="res00175"><title>Learning Modules and Folders</title></item><item identifier="itm00121"
      identifierref="res00176"><title>Uploading Content</title></item><item identifier="itm00122"
      identifierref="res00177"><title>Adding Links</title></item><item identifier="itm00123"
      identifierref="res00178"><title>Creating Documents</title></item><item identifier="itm00124"
      identifierref="res00179"><title>Managing Content</title></item><item identifier="itm00125"
      identifierref="res00180"><title>Batch Editing Content</title></item><item identifier="itm00126"
      identifierref="res00181"><title>Student Preview</title></item><item identifier="itm00127"
      identifierref="res00182"><title>Release Conditions</title></item><item identifier="itm00128"
      identifierref="res00183"><title>Discussions</title></item><item identifier="itm00129"
      identifierref="res00184"><title>Conversations</title></item><item identifier="itm00130"
      identifierref="res00185"><title>Messages</title></item><item identifier="itm00131"
      identifierref="res00186"><title>Frequently Asked Questions</title></item><item identifier="itm00132"
      identifierref="res00187"><title>Journals</title></item><item identifier="itm00133"
      identifierref="res00188"><title>What Happened to Blogs and Wikis?</title></item><item identifier="itm00134"
      identifierref="res00189"><title>Best Practices in Ultra Course Development</title></item><item
      identifier="itm00135" identifierref="res00190"><title>Assignments</title></item><item identifier="itm00136"
      identifierref="res00191"><title>Tests</title></item><item identifier="itm00137"
      identifierref="res00192"><title>Question Banks</title></item><item identifier="itm00138"
      identifierref="res00193"><title>Rubrics</title></item><item identifier="itm00139"
      identifierref="res00194"><title>SafeAssign</title></item><item identifier="itm00140"
      identifierref="res00195"><title>Attendance</title></item><item identifier="itm00141"
      identifierref="res00196"><title>Gradebook Overview</title></item><item identifier="itm00142"
      identifierref="res00197"><title>Posting Grades</title></item><item identifier="itm00143"
      identifierref="res00198"><title>Grading Schemas</title></item><item identifier="itm00144"
      identifierref="res00199"><title>The Overall Grade</title></item><item identifier="itm00145"
      identifierref="res00200"><title>Calculation Columns</title></item><item identifier="itm00146"
      identifierref="res00201"><title>AV Feedback</title></item><item identifier="itm00147"
      identifierref="res00202"><title>Adding Panopto Videos</title></item><item identifier="itm00148"
      identifierref="res00203"><title>Panopto Video Assignments</title></item><item identifier="itm00149"
   identifierref="res00204"><title>Copying Content</title></item></item></item></organization></organizations><resources><resource
   bb:file="res00001.dat" bb:title="Blackboard Learn Ultra Self-Paced Training" identifier="res00001"
   type="course/x-bb-coursesetting" xml:base="res00001"><file href="/xid-88608025_1"/></resource><resource
   bb:file="res00002.dat" bb:title="Terms" identifier="res00002" type="course/x-bb-terms" xml:base="res00002"/><resource
   bb:file="res00003.dat" bb:title="Learning Standard Sub Document Associations" identifier="res00003"
   type="course/x-bb-subdocassociation" xml:base="res00003"/><resource bb:file="res00004.dat"
   bb:title="Course Application Settings" identifier="res00004" type="course/x-bb-courseappsetting"
   xml:base="res00004"/><resource bb:file="res00005.dat" bb:title="Course Navigation Settings" identifier="res00005"
   type="course/x-bb-coursenavsetting" xml:base="res00005"/><resource bb:file="res00006.dat" bb:title="ROOT"
   identifier="res00006" type="course/x-bb-coursetoc" xml:base="res00006"/><resource bb:file="res00007.dat"
   bb:title="INTERACTIVE" identifier="res00007" type="course/x-bb-coursetoc" xml:base="res00007"/><resource
   bb:file="res00008.dat" bb:title="INDIRECT" identifier="res00008" type="course/x-bb-coursetoc"
   xml:base="res00008"/><resource bb:file="res00009.dat" bb:title="Content Handler Data" identifier="res00009"
   type="course/x-bb-contenthandler" xml:base="res00009"/><resource bb:file="res00010.dat" bb:title="Users"
   identifier="res00010" type="course/x-bb-user" xml:base="res00010"/><resource bb:file="res00011.dat"
   bb:title="Course Memberships" identifier="res00011" type="membership/x-bb-coursemembership"
   xml:base="res00011"/><resource bb:file="res00012.dat" bb:title="Webinar videos and a new vocabulary list"
   identifier="res00012" type="resource/x-bb-announcement" xml:base="res00012"/><resource bb:file="res00013.dat"
   bb:title="New Content: Panopto Video" identifier="res00013" type="resource/x-bb-announcement"
   xml:base="res00013"/><resource bb:file="res00014.dat" bb:title="Module 5 is now available" identifier="res00014"
   type="resource/x-bb-announcement" xml:base="res00014"/><resource bb:file="res00015.dat"
   bb:title="Module 4 is now available" identifier="res00015" type="resource/x-bb-announcement"
   xml:base="res00015"/><resource bb:file="res00016.dat" bb:title="Ultra Pioneers Self-Paced Training is now available"
   identifier="res00016" type="resource/x-bb-announcement" xml:base="res00016"/><resource bb:file="res00017.dat"
   bb:title="Conferences" identifier="res00017" type="resource/x-bb-conference" xml:base="res00017"/><resource
   bb:file="res00018.dat" bb:title="Welcome and an Introduction" identifier="res00018"
   type="resource/x-bb-discussionboard" xml:base="res00018"/><resource bb:file="res00019.dat"
   bb:title="Ultra Vocabulary" identifier="res00019" type="resource/x-bb-discussionboard" xml:base="res00019"/><resource
   bb:file="res00020.dat" bb:title="Ultra Base Navigation" identifier="res00020" type="resource/x-bb-discussionboard"
   xml:base="res00020"/><resource bb:file="res00021.dat" bb:title="Ultra Course View" identifier="res00021"
   type="resource/x-bb-discussionboard" xml:base="res00021"/><resource bb:file="res00022.dat"
   bb:title="The Course Roster" identifier="res00022" type="resource/x-bb-discussionboard"
   xml:base="res00022"/><resource bb:file="res00023.dat" bb:title="Course Availability" identifier="res00023"
   type="resource/x-bb-discussionboard" xml:base="res00023"/><resource bb:file="res00024.dat" bb:title="Announcements"
   identifier="res00024" type="resource/x-bb-discussionboard" xml:base="res00024"/><resource bb:file="res00025.dat"
   bb:title="Adding a Course Image" identifier="res00025" type="resource/x-bb-discussionboard"
   xml:base="res00025"/><resource bb:file="res00026.dat" bb:title="Content Basics" identifier="res00026"
   type="resource/x-bb-discussionboard" xml:base="res00026"/><resource bb:file="res00027.dat"
   bb:title="Learning Modules and Folders" identifier="res00027" type="resource/x-bb-discussionboard"
   xml:base="res00027"/><resource bb:file="res00028.dat" bb:title="Uploading Content" identifier="res00028"
   type="resource/x-bb-discussionboard" xml:base="res00028"/><resource bb:file="res00029.dat" bb:title="Adding Links"
   identifier="res00029" type="resource/x-bb-discussionboard" xml:base="res00029"/><resource bb:file="res00030.dat"
   bb:title="Creating Documents" identifier="res00030" type="resource/x-bb-discussionboard"
   xml:base="res00030"/><resource bb:file="res00031.dat" bb:title="Managing Content" identifier="res00031"
   type="resource/x-bb-discussionboard" xml:base="res00031"/><resource bb:file="res00032.dat"
   bb:title="Batch Editing Content" identifier="res00032" type="resource/x-bb-discussionboard"
   xml:base="res00032"/><resource bb:file="res00033.dat" bb:title="Student Preview" identifier="res00033"
   type="resource/x-bb-discussionboard" xml:base="res00033"/><resource bb:file="res00034.dat"
   bb:title="Release Conditions" identifier="res00034" type="resource/x-bb-discussionboard"
   xml:base="res00034"/><resource bb:file="res00035.dat" bb:title="Discussions" identifier="res00035"
   type="resource/x-bb-discussionboard" xml:base="res00035"/><resource bb:file="res00036.dat" bb:title="Conversations"
   identifier="res00036" type="resource/x-bb-discussionboard" xml:base="res00036"/><resource bb:file="res00037.dat"
   bb:title="Messages" identifier="res00037" type="resource/x-bb-discussionboard" xml:base="res00037"/><resource
   bb:file="res00038.dat" bb:title="Frequently Asked Questions" identifier="res00038"
   type="resource/x-bb-discussionboard" xml:base="res00038"/><resource bb:file="res00039.dat" bb:title="Journals"
   identifier="res00039" type="resource/x-bb-discussionboard" xml:base="res00039"/><resource bb:file="res00040.dat"
   bb:title="What Happened to Blogs and Wikis?" identifier="res00040" type="resource/x-bb-discussionboard"
   xml:base="res00040"/><resource bb:file="res00041.dat" bb:title="Best Practices in Ultra Course Development"
   identifier="res00041" type="resource/x-bb-discussionboard" xml:base="res00041"/><resource bb:file="res00042.dat"
   bb:title="Assignments" identifier="res00042" type="resource/x-bb-discussionboard" xml:base="res00042"/><resource
   bb:file="res00043.dat" bb:title="Tests" identifier="res00043" type="resource/x-bb-discussionboard"
   xml:base="res00043"/><resource bb:file="res00044.dat" bb:title="Question Banks" identifier="res00044"
   type="resource/x-bb-discussionboard" xml:base="res00044"/><resource bb:file="res00045.dat" bb:title="Rubrics"
   identifier="res00045" type="resource/x-bb-discussionboard" xml:base="res00045"/><resource bb:file="res00046.dat"
   bb:title="SafeAssign" identifier="res00046" type="resource/x-bb-discussionboard" xml:base="res00046"/><resource
   bb:file="res00047.dat" bb:title="Attendance" identifier="res00047" type="resource/x-bb-discussionboard"
   xml:base="res00047"/><resource bb:file="res00048.dat" bb:title="Gradebook Overview" identifier="res00048"
   type="resource/x-bb-discussionboard" xml:base="res00048"/><resource bb:file="res00049.dat" bb:title="Posting Grades"
   identifier="res00049" type="resource/x-bb-discussionboard" xml:base="res00049"/><resource bb:file="res00050.dat"
   bb:title="Grading Schemas" identifier="res00050" type="resource/x-bb-discussionboard" xml:base="res00050"/><resource
   bb:file="res00051.dat" bb:title="The Overall Grade" identifier="res00051" type="resource/x-bb-discussionboard"
   xml:base="res00051"/><resource bb:file="res00052.dat" bb:title="Calculation Columns" identifier="res00052"
   type="resource/x-bb-discussionboard" xml:base="res00052"/><resource bb:file="res00053.dat" bb:title="AV Feedback"
   identifier="res00053" type="resource/x-bb-discussionboard" xml:base="res00053"/><resource bb:file="res00054.dat"
   bb:title="Adding Panopto Videos" identifier="res00054" type="resource/x-bb-discussionboard"
   xml:base="res00054"/><resource bb:file="res00055.dat" bb:title="Panopto Video Assignments" identifier="res00055"
   type="resource/x-bb-discussionboard" xml:base="res00055"/><resource bb:file="res00056.dat" bb:title="Copying Content"
   identifier="res00056" type="resource/x-bb-discussionboard" xml:base="res00056"/><resource bb:file="res00057.dat"
   bb:title="Questions and Answers" identifier="res00057" type="resource/x-bb-discussionboard"
   xml:base="res00057"/><resource bb:file="res00058.dat" bb:title="User Message State" identifier="res00058"
   type="discussionboard/x-bb-usermsgstate" xml:base="res00058"/><resource bb:file="res00059.dat" bb:title="--TOP--"
   identifier="res00059" type="resource/x-bb-document" xml:base="res00059"/><resource bb:file="res00060.dat"
   bb:title="&#x1f4cc;Begin Here: Welcome and an Introduction" identifier="res00060" type="resource/x-bb-document"
   xml:base="res00060"/><resource bb:file="res00061.dat" bb:title="What's New in this Training?" identifier="res00061"
   type="resource/x-bb-document" xml:base="res00061"/><resource bb:file="res00062.dat" bb:title="Ultra Vocabulary"
   identifier="res00062" type="resource/x-bb-document" xml:base="res00062"/><resource bb:file="res00063.dat"
   bb:title="Frequently Asked Questions" identifier="res00063" type="resource/x-bb-document"
   xml:base="res00063"/><resource bb:file="res00064.dat"
   bb:title="Best Practices in Ultra Course Development &amp; Sample Ultra Course Tours" identifier="res00064"
   type="resource/x-bb-document" xml:base="res00064"/><resource bb:file="res00065.dat"
   bb:title="Module 1: Ultra Essentials" identifier="res00065" type="resource/x-bb-document"
   xml:base="res00065"/><resource bb:file="res00066.dat" bb:title="Module 2: Building Content" identifier="res00066"
   type="resource/x-bb-document" xml:base="res00066"/><resource bb:file="res00067.dat"
   bb:title="Module 3: Communications" identifier="res00067" type="resource/x-bb-document"
   xml:base="res00067"/><resource bb:file="res00068.dat" bb:title="Module 4: Assessment in Ultra" identifier="res00068"
   type="resource/x-bb-document" xml:base="res00068"/><resource bb:file="res00069.dat" bb:title="Module 5: Gradebook"
   identifier="res00069" type="resource/x-bb-document" xml:base="res00069"/><resource bb:file="res00070.dat"
   bb:title="&#x1f6a7; Need help or want to talk to someone?" identifier="res00070" type="resource/x-bb-document"
   xml:base="res00070"/><resource bb:file="res00071.dat" bb:title="ultraDocumentBody" identifier="res00071"
   type="resource/x-bb-document" xml:base="res00071"/><resource bb:file="res00072.dat" bb:title="Gradebook Overview"
   identifier="res00072" type="resource/x-bb-document" xml:base="res00072"/><resource bb:file="res00073.dat"
   bb:title="ultraDocumentBody" identifier="res00073" type="resource/x-bb-document" xml:base="res00073"/><resource
   bb:file="res00074.dat" bb:title="Putting Ultra's Features to Use" identifier="res00074" type="resource/x-bb-document"
   xml:base="res00074"/><resource bb:file="res00075.dat" bb:title="Ultra Base Navigation" identifier="res00075"
   type="resource/x-bb-document" xml:base="res00075"/><resource bb:file="res00076.dat" bb:title="ultraDocumentBody"
   identifier="res00076" type="resource/x-bb-document" xml:base="res00076"/><resource bb:file="res00077.dat"
   bb:title="Discussions" identifier="res00077" type="resource/x-bb-document" xml:base="res00077"/><resource
   bb:file="res00078.dat" bb:title="ultraDocumentBody" identifier="res00078" type="resource/x-bb-document"
   xml:base="res00078"/><resource bb:file="res00079.dat" bb:title="ultraDocumentBody" identifier="res00079"
   type="resource/x-bb-document" xml:base="res00079"/><resource bb:file="res00080.dat" bb:title="Assignments"
   identifier="res00080" type="resource/x-bb-document" xml:base="res00080"/><resource bb:file="res00081.dat"
   bb:title="Content Basics" identifier="res00081" type="resource/x-bb-document" xml:base="res00081"/><resource
   bb:file="res00082.dat" bb:title="Journals" identifier="res00082" type="resource/x-bb-document"
   xml:base="res00082"/><resource bb:file="res00083.dat" bb:title="Watch Course Tours and Ultra Testimonials"
   identifier="res00083" type="resource/x-bb-document" xml:base="res00083"/><resource bb:file="res00084.dat"
   bb:title="The Overall Grade" identifier="res00084" type="resource/x-bb-document" xml:base="res00084"/><resource
   bb:file="res00085.dat" bb:title="Ultra Course View" identifier="res00085" type="resource/x-bb-document"
   xml:base="res00085"/><resource bb:file="res00086.dat" bb:title="Conversations" identifier="res00086"
   type="resource/x-bb-document" xml:base="res00086"/><resource bb:file="res00087.dat"
   bb:title="Learning Modules and Folders" identifier="res00087" type="resource/x-bb-document"
   xml:base="res00087"/><resource bb:file="res00088.dat" bb:title="Messages" identifier="res00088"
   type="resource/x-bb-document" xml:base="res00088"/><resource bb:file="res00089.dat" bb:title="The Course Roster"
   identifier="res00089" type="resource/x-bb-document" xml:base="res00089"/><resource bb:file="res00090.dat"
   bb:title="Grade Calculations" identifier="res00090" type="resource/x-bb-document" xml:base="res00090"/><resource
   bb:file="res00091.dat" bb:title="Uploading Content" identifier="res00091" type="resource/x-bb-document"
   xml:base="res00091"/><resource bb:file="res00092.dat" bb:title="What Happened to Blogs and Wikis?"
   identifier="res00092" type="resource/x-bb-document" xml:base="res00092"/><resource bb:file="res00093.dat"
   bb:title="Adding Links" identifier="res00093" type="resource/x-bb-document" xml:base="res00093"/><resource
   bb:file="res00094.dat" bb:title="Tests" identifier="res00094" type="resource/x-bb-document"
   xml:base="res00094"/><resource bb:file="res00095.dat" bb:title="Webinar Recordings" identifier="res00095"
   type="resource/x-bb-document" xml:base="res00095"/><resource bb:file="res00096.dat" bb:title="Course Availability"
   identifier="res00096" type="resource/x-bb-document" xml:base="res00096"/><resource bb:file="res00097.dat"
   bb:title="The Grading Workflow" identifier="res00097" type="resource/x-bb-document" xml:base="res00097"/><resource
   bb:file="res00098.dat" bb:title="Creating Documents" identifier="res00098" type="resource/x-bb-document"
   xml:base="res00098"/><resource bb:file="res00099.dat" bb:title="Gradebook Settings, Grading Schemas, and Categories"
   identifier="res00099" type="resource/x-bb-document" xml:base="res00099"/><resource bb:file="res00100.dat"
   bb:title="Announcements" identifier="res00100" type="resource/x-bb-document" xml:base="res00100"/><resource
   bb:file="res00101.dat" bb:title="Question Banks" identifier="res00101" type="resource/x-bb-document"
   xml:base="res00101"/><resource bb:file="res00102.dat" bb:title="Groups" identifier="res00102"
   type="resource/x-bb-document" xml:base="res00102"/><resource bb:file="res00103.dat" bb:title="Adding a Course Image"
   identifier="res00103" type="resource/x-bb-document" xml:base="res00103"/><resource bb:file="res00104.dat"
   bb:title="Adding Panopto Videos" identifier="res00104" type="resource/x-bb-document" xml:base="res00104"/><resource
   bb:file="res00105.dat" bb:title="Panopto Video Assignments" identifier="res00105" type="resource/x-bb-document"
   xml:base="res00105"/><resource bb:file="res00106.dat" bb:title="Managing Content" identifier="res00106"
   type="resource/x-bb-document" xml:base="res00106"/><resource bb:file="res00107.dat"
   bb:title="Accommodations and Exceptions" identifier="res00107" type="resource/x-bb-document"
   xml:base="res00107"/><resource bb:file="res00108.dat" bb:title="Webinar Recordings" identifier="res00108"
   type="resource/x-bb-document" xml:base="res00108"/><resource bb:file="res00109.dat" bb:title="Rubrics"
   identifier="res00109" type="resource/x-bb-document" xml:base="res00109"/><resource bb:file="res00110.dat"
   bb:title="SafeAssign" identifier="res00110" type="resource/x-bb-document" xml:base="res00110"/><resource
   bb:file="res00111.dat" bb:title="Audio and Video Feedback" identifier="res00111" type="resource/x-bb-document"
   xml:base="res00111"/><resource bb:file="res00112.dat" bb:title="Batch Editing Content" identifier="res00112"
   type="resource/x-bb-document" xml:base="res00112"/><resource bb:file="res00113.dat" bb:title="Attendance"
   identifier="res00113" type="resource/x-bb-document" xml:base="res00113"/><resource bb:file="res00114.dat"
   bb:title="Webinar Recordings" identifier="res00114" type="resource/x-bb-document" xml:base="res00114"/><resource
   bb:file="res00115.dat" bb:title="Student Preview" identifier="res00115" type="resource/x-bb-document"
   xml:base="res00115"/><resource bb:file="res00116.dat" bb:title="Release Conditions" identifier="res00116"
   type="resource/x-bb-document" xml:base="res00116"/><resource bb:file="res00117.dat" bb:title="Webinar Recordings"
   identifier="res00117" type="resource/x-bb-document" xml:base="res00117"/><resource bb:file="res00118.dat"
   bb:title="Copying Content" identifier="res00118" type="resource/x-bb-document" xml:base="res00118"/><resource
   bb:file="res00119.dat" bb:title="Webinar Recordings" identifier="res00119" type="resource/x-bb-document"
   xml:base="res00119"/><resource bb:file="res00120.dat" bb:title="ultraDocumentBody" identifier="res00120"
   type="resource/x-bb-document" xml:base="res00120"/><resource bb:file="res00121.dat" bb:title="ultraDocumentBody"
   identifier="res00121" type="resource/x-bb-document" xml:base="res00121"/><resource bb:file="res00122.dat"
   bb:title="ultraDocumentBody" identifier="res00122" type="resource/x-bb-document" xml:base="res00122"/><resource
   bb:file="res00123.dat" bb:title="ultraDocumentBody" identifier="res00123" type="resource/x-bb-document"
   xml:base="res00123"/><resource bb:file="res00124.dat" bb:title="ultraDocumentBody" identifier="res00124"
   type="resource/x-bb-document" xml:base="res00124"/><resource bb:file="res00125.dat" bb:title="ultraDocumentBody"
   identifier="res00125" type="resource/x-bb-document" xml:base="res00125"/><resource bb:file="res00126.dat"
   bb:title="ultraDocumentBody" identifier="res00126" type="resource/x-bb-document" xml:base="res00126"/><resource
   bb:file="res00127.dat" bb:title="ultraDocumentBody" identifier="res00127" type="resource/x-bb-document"
   xml:base="res00127"/><resource bb:file="res00128.dat" bb:title="ultraDocumentBody" identifier="res00128"
   type="resource/x-bb-document" xml:base="res00128"/><resource bb:file="res00129.dat" bb:title="ultraDocumentBody"
   identifier="res00129" type="resource/x-bb-document" xml:base="res00129"/><resource bb:file="res00130.dat"
   bb:title="ultraDocumentBody" identifier="res00130" type="resource/x-bb-document" xml:base="res00130"/><resource
   bb:file="res00131.dat" bb:title="ultraDocumentBody" identifier="res00131" type="resource/x-bb-document"
   xml:base="res00131"/><resource bb:file="res00132.dat" bb:title="ultraDocumentBody" identifier="res00132"
   type="resource/x-bb-document" xml:base="res00132"/><resource bb:file="res00133.dat" bb:title="ultraDocumentBody"
   identifier="res00133" type="resource/x-bb-document" xml:base="res00133"/><resource bb:file="res00134.dat"
   bb:title="ultraDocumentBody" identifier="res00134" type="resource/x-bb-document" xml:base="res00134"/><resource
   bb:file="res00135.dat" bb:title="ultraDocumentBody" identifier="res00135" type="resource/x-bb-document"
   xml:base="res00135"/><resource bb:file="res00136.dat" bb:title="ultraDocumentBody" identifier="res00136"
   type="resource/x-bb-document" xml:base="res00136"/><resource bb:file="res00137.dat" bb:title="ultraDocumentBody"
   identifier="res00137" type="resource/x-bb-document" xml:base="res00137"/><resource bb:file="res00138.dat"
   bb:title="ultraDocumentBody" identifier="res00138" type="resource/x-bb-document" xml:base="res00138"/><resource
   bb:file="res00139.dat" bb:title="ultraDocumentBody" identifier="res00139" type="resource/x-bb-document"
   xml:base="res00139"/><resource bb:file="res00140.dat" bb:title="ultraDocumentBody" identifier="res00140"
   type="resource/x-bb-document" xml:base="res00140"/><resource bb:file="res00141.dat" bb:title="ultraDocumentBody"
   identifier="res00141" type="resource/x-bb-document" xml:base="res00141"/><resource bb:file="res00142.dat"
   bb:title="ultraDocumentBody" identifier="res00142" type="resource/x-bb-document" xml:base="res00142"/><resource
   bb:file="res00143.dat" bb:title="ultraDocumentBody" identifier="res00143" type="resource/x-bb-document"
   xml:base="res00143"/><resource bb:file="res00144.dat" bb:title="ultraDocumentBody" identifier="res00144"
   type="resource/x-bb-document" xml:base="res00144"/><resource bb:file="res00145.dat" bb:title="ultraDocumentBody"
   identifier="res00145" type="resource/x-bb-document" xml:base="res00145"/><resource bb:file="res00146.dat"
   bb:title="ultraDocumentBody" identifier="res00146" type="resource/x-bb-document" xml:base="res00146"/><resource
   bb:file="res00147.dat" bb:title="ultraDocumentBody" identifier="res00147" type="resource/x-bb-document"
   xml:base="res00147"/><resource bb:file="res00148.dat" bb:title="ultraDocumentBody" identifier="res00148"
   type="resource/x-bb-document" xml:base="res00148"/><resource bb:file="res00149.dat" bb:title="ultraDocumentBody"
   identifier="res00149" type="resource/x-bb-document" xml:base="res00149"/><resource bb:file="res00150.dat"
   bb:title="ultraDocumentBody" identifier="res00150" type="resource/x-bb-document" xml:base="res00150"/><resource
   bb:file="res00151.dat" bb:title="ultraDocumentBody" identifier="res00151" type="resource/x-bb-document"
   xml:base="res00151"/><resource bb:file="res00152.dat" bb:title="ultraDocumentBody" identifier="res00152"
   type="resource/x-bb-document" xml:base="res00152"/><resource bb:file="res00153.dat" bb:title="ultraDocumentBody"
   identifier="res00153" type="resource/x-bb-document" xml:base="res00153"/><resource bb:file="res00154.dat"
   bb:title="ultraDocumentBody" identifier="res00154" type="resource/x-bb-document" xml:base="res00154"/><resource
   bb:file="res00155.dat" bb:title="ultraDocumentBody" identifier="res00155" type="resource/x-bb-document"
   xml:base="res00155"/><resource bb:file="res00156.dat" bb:title="ultraDocumentBody" identifier="res00156"
   type="resource/x-bb-document" xml:base="res00156"/><resource bb:file="res00157.dat" bb:title="ultraDocumentBody"
   identifier="res00157" type="resource/x-bb-document" xml:base="res00157"/><resource bb:file="res00158.dat"
   bb:title="ultraDocumentBody" identifier="res00158" type="resource/x-bb-document" xml:base="res00158"/><resource
   bb:file="res00159.dat" bb:title="ultraDocumentBody" identifier="res00159" type="resource/x-bb-document"
   xml:base="res00159"/><resource bb:file="res00160.dat" bb:title="ultraDocumentBody" identifier="res00160"
   type="resource/x-bb-document" xml:base="res00160"/><resource bb:file="res00161.dat" bb:title="ultraDocumentBody"
   identifier="res00161" type="resource/x-bb-document" xml:base="res00161"/><resource bb:file="res00162.dat"
   bb:title="ultraDocumentBody" identifier="res00162" type="resource/x-bb-document" xml:base="res00162"/><resource
   bb:file="res00163.dat" bb:title="--TOP--" identifier="res00163" type="resource/x-bb-document"
   xml:base="res00163"/><resource bb:file="res00164.dat" bb:title="Questions and Answers" identifier="res00164"
   type="resource/x-bb-document" xml:base="res00164"/><resource bb:file="res00165.dat" bb:title="--TOP--"
   identifier="res00165" type="resource/x-bb-document" xml:base="res00165"/><resource bb:file="res00166.dat"
   bb:title="Welcome and an Introduction" identifier="res00166" type="resource/x-bb-document"
   xml:base="res00166"/><resource bb:file="res00167.dat" bb:title="Ultra Vocabulary" identifier="res00167"
   type="resource/x-bb-document" xml:base="res00167"/><resource bb:file="res00168.dat" bb:title="Ultra Base Navigation"
   identifier="res00168" type="resource/x-bb-document" xml:base="res00168"/><resource bb:file="res00169.dat"
   bb:title="Ultra Course View" identifier="res00169" type="resource/x-bb-document" xml:base="res00169"/><resource
   bb:file="res00170.dat" bb:title="The Course Roster" identifier="res00170" type="resource/x-bb-document"
   xml:base="res00170"/><resource bb:file="res00171.dat" bb:title="Course Availability" identifier="res00171"
   type="resource/x-bb-document" xml:base="res00171"/><resource bb:file="res00172.dat" bb:title="Announcements"
   identifier="res00172" type="resource/x-bb-document" xml:base="res00172"/><resource bb:file="res00173.dat"
   bb:title="Adding a Course Image" identifier="res00173" type="resource/x-bb-document" xml:base="res00173"/><resource
   bb:file="res00174.dat" bb:title="Content Basics" identifier="res00174" type="resource/x-bb-document"
   xml:base="res00174"/><resource bb:file="res00175.dat" bb:title="Learning Modules and Folders" identifier="res00175"
   type="resource/x-bb-document" xml:base="res00175"/><resource bb:file="res00176.dat" bb:title="Uploading Content"
   identifier="res00176" type="resource/x-bb-document" xml:base="res00176"/><resource bb:file="res00177.dat"
   bb:title="Adding Links" identifier="res00177" type="resource/x-bb-document" xml:base="res00177"/><resource
   bb:file="res00178.dat" bb:title="Creating Documents" identifier="res00178" type="resource/x-bb-document"
   xml:base="res00178"/><resource bb:file="res00179.dat" bb:title="Managing Content" identifier="res00179"
   type="resource/x-bb-document" xml:base="res00179"/><resource bb:file="res00180.dat" bb:title="Batch Editing Content"
   identifier="res00180" type="resource/x-bb-document" xml:base="res00180"/><resource bb:file="res00181.dat"
   bb:title="Student Preview" identifier="res00181" type="resource/x-bb-document" xml:base="res00181"/><resource
   bb:file="res00182.dat" bb:title="Release Conditions" identifier="res00182" type="resource/x-bb-document"
   xml:base="res00182"/><resource bb:file="res00183.dat" bb:title="Discussions" identifier="res00183"
   type="resource/x-bb-document" xml:base="res00183"/><resource bb:file="res00184.dat" bb:title="Conversations"
   identifier="res00184" type="resource/x-bb-document" xml:base="res00184"/><resource bb:file="res00185.dat"
   bb:title="Messages" identifier="res00185" type="resource/x-bb-document" xml:base="res00185"/><resource
   bb:file="res00186.dat" bb:title="Frequently Asked Questions" identifier="res00186" type="resource/x-bb-document"
   xml:base="res00186"/><resource bb:file="res00187.dat" bb:title="Journals" identifier="res00187"
   type="resource/x-bb-document" xml:base="res00187"/><resource bb:file="res00188.dat"
   bb:title="What Happened to Blogs and Wikis?" identifier="res00188" type="resource/x-bb-document"
   xml:base="res00188"/><resource bb:file="res00189.dat" bb:title="Best Practices in Ultra Course Development"
   identifier="res00189" type="resource/x-bb-document" xml:base="res00189"/><resource bb:file="res00190.dat"
   bb:title="Assignments" identifier="res00190" type="resource/x-bb-document" xml:base="res00190"/><resource
   bb:file="res00191.dat" bb:title="Tests" identifier="res00191" type="resource/x-bb-document"
   xml:base="res00191"/><resource bb:file="res00192.dat" bb:title="Question Banks" identifier="res00192"
   type="resource/x-bb-document" xml:base="res00192"/><resource bb:file="res00193.dat" bb:title="Rubrics"
   identifier="res00193" type="resource/x-bb-document" xml:base="res00193"/><resource bb:file="res00194.dat"
   bb:title="SafeAssign" identifier="res00194" type="resource/x-bb-document" xml:base="res00194"/><resource
   bb:file="res00195.dat" bb:title="Attendance" identifier="res00195" type="resource/x-bb-document"
   xml:base="res00195"/><resource bb:file="res00196.dat" bb:title="Gradebook Overview" identifier="res00196"
   type="resource/x-bb-document" xml:base="res00196"/><resource bb:file="res00197.dat" bb:title="Posting Grades"
   identifier="res00197" type="resource/x-bb-document" xml:base="res00197"/><resource bb:file="res00198.dat"
   bb:title="Grading Schemas" identifier="res00198" type="resource/x-bb-document" xml:base="res00198"/><resource
   bb:file="res00199.dat" bb:title="The Overall Grade" identifier="res00199" type="resource/x-bb-document"
   xml:base="res00199"/><resource bb:file="res00200.dat" bb:title="Calculation Columns" identifier="res00200"
   type="resource/x-bb-document" xml:base="res00200"/><resource bb:file="res00201.dat" bb:title="AV Feedback"
   identifier="res00201" type="resource/x-bb-document" xml:base="res00201"/><resource bb:file="res00202.dat"
   bb:title="Adding Panopto Videos" identifier="res00202" type="resource/x-bb-document" xml:base="res00202"/><resource
   bb:file="res00203.dat" bb:title="Panopto Video Assignments" identifier="res00203" type="resource/x-bb-document"
   xml:base="res00203"/><resource bb:file="res00204.dat" bb:title="Copying Content" identifier="res00204"
   type="resource/x-bb-document" xml:base="res00204"/><resource bb:file="res00205.dat" bb:title="LearnRubrics"
   identifier="res00205" type="course/x-bb-rubrics" xml:base="res00205"/><resource bb:file="res00206.dat"
   bb:title="Gradebook" identifier="res00206" type="course/x-bb-gradebook" xml:base="res00206"/><resource
   bb:file="res00207.dat" bb:title="Attempt Receipts" identifier="res00207" type="course/x-bb-attemptreceipts"
   xml:base="res00207"/><resource bb:file="res00208.dat" bb:title="" identifier="res00208" type="resource/x-bb-link"
   xml:base="res00208"/><resource bb:file="res00209.dat" bb:title="" identifier="res00209" type="resource/x-bb-link"
   xml:base="res00209"/><resource bb:file="res00210.dat" bb:title="" identifier="res00210" type="resource/x-bb-link"
   xml:base="res00210"/><resource bb:file="res00211.dat" bb:title="" identifier="res00211" type="resource/x-bb-link"
   xml:base="res00211"/><resource bb:file="res00212.dat" bb:title="" identifier="res00212" type="resource/x-bb-link"
   xml:base="res00212"/><resource bb:file="res00213.dat" bb:title="" identifier="res00213" type="resource/x-bb-link"
   xml:base="res00213"/><resource bb:file="res00214.dat" bb:title="" identifier="res00214" type="resource/x-bb-link"
   xml:base="res00214"/><resource bb:file="res00215.dat" bb:title="" identifier="res00215" type="resource/x-bb-link"
   xml:base="res00215"/><resource bb:file="res00216.dat" bb:title="" identifier="res00216" type="resource/x-bb-link"
   xml:base="res00216"/><resource bb:file="res00217.dat" bb:title="" identifier="res00217" type="resource/x-bb-link"
   xml:base="res00217"/><resource bb:file="res00218.dat" bb:title="" identifier="res00218" type="resource/x-bb-link"
   xml:base="res00218"/><resource bb:file="res00219.dat" bb:title="" identifier="res00219" type="resource/x-bb-link"
   xml:base="res00219"/><resource bb:file="res00220.dat" bb:title="" identifier="res00220" type="resource/x-bb-link"
   xml:base="res00220"/><resource bb:file="res00221.dat" bb:title="" identifier="res00221" type="resource/x-bb-link"
   xml:base="res00221"/><resource bb:file="res00222.dat" bb:title="" identifier="res00222" type="resource/x-bb-link"
   xml:base="res00222"/><resource bb:file="res00223.dat" bb:title="" identifier="res00223" type="resource/x-bb-link"
   xml:base="res00223"/><resource bb:file="res00224.dat" bb:title="" identifier="res00224" type="resource/x-bb-link"
   xml:base="res00224"/><resource bb:file="res00225.dat" bb:title="" identifier="res00225" type="resource/x-bb-link"
   xml:base="res00225"/><resource bb:file="res00226.dat" bb:title="" identifier="res00226" type="resource/x-bb-link"
   xml:base="res00226"/><resource bb:file="res00227.dat" bb:title="" identifier="res00227" type="resource/x-bb-link"
   xml:base="res00227"/><resource bb:file="res00228.dat" bb:title="" identifier="res00228" type="resource/x-bb-link"
   xml:base="res00228"/><resource bb:file="res00229.dat" bb:title="" identifier="res00229" type="resource/x-bb-link"
   xml:base="res00229"/><resource bb:file="res00230.dat" bb:title="" identifier="res00230" type="resource/x-bb-link"
   xml:base="res00230"/><resource bb:file="res00231.dat" bb:title="" identifier="res00231" type="resource/x-bb-link"
   xml:base="res00231"/><resource bb:file="res00232.dat" bb:title="" identifier="res00232" type="resource/x-bb-link"
   xml:base="res00232"/><resource bb:file="res00233.dat" bb:title="" identifier="res00233" type="resource/x-bb-link"
   xml:base="res00233"/><resource bb:file="res00234.dat" bb:title="" identifier="res00234" type="resource/x-bb-link"
   xml:base="res00234"/><resource bb:file="res00235.dat" bb:title="" identifier="res00235" type="resource/x-bb-link"
   xml:base="res00235"/><resource bb:file="res00236.dat" bb:title="" identifier="res00236" type="resource/x-bb-link"
   xml:base="res00236"/><resource bb:file="res00237.dat" bb:title="" identifier="res00237" type="resource/x-bb-link"
   xml:base="res00237"/><resource bb:file="res00238.dat" bb:title="" identifier="res00238" type="resource/x-bb-link"
   xml:base="res00238"/><resource bb:file="res00239.dat" bb:title="" identifier="res00239" type="resource/x-bb-link"
   xml:base="res00239"/><resource bb:file="res00240.dat" bb:title="" identifier="res00240" type="resource/x-bb-link"
   xml:base="res00240"/><resource bb:file="res00241.dat" bb:title="" identifier="res00241" type="resource/x-bb-link"
   xml:base="res00241"/><resource bb:file="res00242.dat" bb:title="" identifier="res00242" type="resource/x-bb-link"
   xml:base="res00242"/><resource bb:file="res00243.dat" bb:title="" identifier="res00243" type="resource/x-bb-link"
   xml:base="res00243"/><resource bb:file="res00244.dat" bb:title="" identifier="res00244" type="resource/x-bb-link"
   xml:base="res00244"/><resource bb:file="res00245.dat" bb:title="" identifier="res00245" type="resource/x-bb-link"
   xml:base="res00245"/><resource bb:file="res00246.dat" bb:title="" identifier="res00246" type="resource/x-bb-link"
   xml:base="res00246"/><resource bb:file="res00247.dat" bb:title="" identifier="res00247" type="resource/x-bb-link"
   xml:base="res00247"/><resource bb:file="res00248.dat" bb:title="" identifier="res00248" type="resource/x-bb-link"
   xml:base="res00248"/><resource bb:file="res00249.dat" bb:title="" identifier="res00249" type="resource/x-bb-link"
   xml:base="res00249"/><resource bb:file="res00250.dat" bb:title="" identifier="res00250" type="resource/x-bb-link"
   xml:base="res00250"/><resource bb:file="res00251.dat" bb:title="" identifier="res00251" type="resource/x-bb-link"
   xml:base="res00251"/><resource bb:file="res00252.dat" bb:title="" identifier="res00252" type="resource/x-bb-link"
   xml:base="res00252"/><resource bb:file="res00253.dat" bb:title="" identifier="res00253" type="resource/x-bb-link"
   xml:base="res00253"/><resource bb:file="res00254.dat" bb:title="" identifier="res00254" type="resource/x-bb-link"
   xml:base="res00254"/><resource bb:file="res00255.dat" bb:title="" identifier="res00255" type="resource/x-bb-link"
   xml:base="res00255"/><resource bb:file="res00256.dat" bb:title="" identifier="res00256" type="resource/x-bb-link"
   xml:base="res00256"/><resource bb:file="res00257.dat" bb:title="" identifier="res00257" type="resource/x-bb-link"
   xml:base="res00257"/><resource bb:file="res00258.dat" bb:title="" identifier="res00258" type="resource/x-bb-link"
   xml:base="res00258"/><resource bb:file="res00259.dat" bb:title="" identifier="res00259" type="resource/x-bb-link"
   xml:base="res00259"/><resource bb:file="res00260.dat" bb:title="" identifier="res00260" type="resource/x-bb-link"
   xml:base="res00260"/><resource bb:file="res00261.dat" bb:title="" identifier="res00261" type="resource/x-bb-link"
   xml:base="res00261"/><resource bb:file="res00262.dat" bb:title="" identifier="res00262" type="resource/x-bb-link"
   xml:base="res00262"/><resource bb:file="res00263.dat" bb:title="" identifier="res00263" type="resource/x-bb-link"
   xml:base="res00263"/><resource bb:file="res00264.dat" bb:title="" identifier="res00264" type="resource/x-bb-link"
   xml:base="res00264"/><resource bb:file="res00265.dat" bb:title="" identifier="res00265" type="resource/x-bb-link"
   xml:base="res00265"/><resource bb:file="res00266.dat" bb:title="" identifier="res00266" type="resource/x-bb-link"
   xml:base="res00266"/><resource bb:file="res00267.dat" bb:title="" identifier="res00267" type="resource/x-bb-link"
   xml:base="res00267"/><resource bb:file="res00268.dat" bb:title="" identifier="res00268" type="resource/x-bb-link"
   xml:base="res00268"/><resource bb:file="res00269.dat" bb:title="" identifier="res00269" type="resource/x-bb-link"
   xml:base="res00269"/><resource bb:file="res00270.dat" bb:title="" identifier="res00270" type="resource/x-bb-link"
   xml:base="res00270"/><resource bb:file="res00271.dat" bb:title="" identifier="res00271" type="resource/x-bb-link"
   xml:base="res00271"/><resource bb:file="res00272.dat" bb:title="" identifier="res00272" type="resource/x-bb-link"
   xml:base="res00272"/><resource bb:file="res00273.dat" bb:title="" identifier="res00273" type="resource/x-bb-link"
   xml:base="res00273"/><resource bb:file="res00274.dat" bb:title="" identifier="res00274" type="resource/x-bb-link"
   xml:base="res00274"/><resource bb:file="res00275.dat" bb:title="" identifier="res00275" type="resource/x-bb-link"
   xml:base="res00275"/><resource bb:file="res00276.dat" bb:title="" identifier="res00276" type="resource/x-bb-link"
   xml:base="res00276"/><resource bb:file="res00277.dat" bb:title="" identifier="res00277" type="resource/x-bb-link"
   xml:base="res00277"/><resource bb:file="res00278.dat" bb:title="" identifier="res00278" type="resource/x-bb-link"
   xml:base="res00278"/><resource bb:file="res00279.dat" bb:title="" identifier="res00279" type="resource/x-bb-link"
   xml:base="res00279"/><resource bb:file="res00280.dat" bb:title="" identifier="res00280" type="resource/x-bb-link"
   xml:base="res00280"/><resource bb:file="res00281.dat" bb:title="" identifier="res00281" type="resource/x-bb-link"
   xml:base="res00281"/><resource bb:file="res00282.dat" bb:title="" identifier="res00282" type="resource/x-bb-link"
   xml:base="res00282"/><resource bb:file="res00283.dat" bb:title="" identifier="res00283" type="resource/x-bb-link"
   xml:base="res00283"/><resource bb:file="res00284.dat" bb:title="" identifier="res00284" type="resource/x-bb-link"
   xml:base="res00284"/><resource bb:file="res00285.dat" bb:title="" identifier="res00285" type="resource/x-bb-link"
   xml:base="res00285"/><resource bb:file="res00286.dat" bb:title="" identifier="res00286" type="resource/x-bb-link"
   xml:base="res00286"/><resource bb:file="res00287.dat" bb:title="Course Statistics" identifier="res00287"
   type="course/x-bb-trackingevent" xml:base="res00287"/><resource bb:file="res00288.dat"
   bb:title="Content Review Status" identifier="res00288" type="course/x-bb-review-status"
   xml:base="res00288"/><resource bb:file="res00289.dat" bb:title="" identifier="res00289"
   type="course/x-bb-availability-rule" xml:base="res00289"/><resource bb:file="res00290.dat" bb:title=""
   identifier="res00290" type="course/x-bb-availability-rule" xml:base="res00290"/><resource bb:file="res00291.dat"
   bb:title="" identifier="res00291" type="course/x-bb-availability-rule" xml:base="res00291"/><resource
   bb:file="res00292.dat" bb:title="" identifier="res00292" type="course/x-bb-availability-rule"
   xml:base="res00292"/><resource bb:file="res00293.dat" bb:title="" identifier="res00293"
   type="course/x-bb-availability-rule" xml:base="res00293"/><resource bb:file="res00294.dat" bb:title=""
   identifier="res00294" type="course/x-bb-availability-rule" xml:base="res00294"/><resource bb:file="res00295.dat"
   bb:title="Course Message Conversations" identifier="res00295" type="course/x-bb-conversation"
   xml:base="res00295"/><resource bb:file="res00296.dat" bb:title="Course Message Folders" identifier="res00296"
   type="course/x-bb-coursemessagefolder" xml:base="res00296"/><resource bb:file="res00297.dat"
   bb:title="Course Messages" identifier="res00297" type="course/x-bb-coursemessage" xml:base="res00297"/><resource
   bb:file="res00298.dat" bb:title="CSResourceLinks" identifier="res00298" type="course/x-bb-csresourcelinks"
   xml:base="res00298"/><resource bb:file="res00299.dat" bb:title="Standard Alignments" identifier="res00299"
   type="course/x-bb-stdsalignments" xml:base="res00299"/><resource bb:file="res00300.dat"
   bb:title="CourseRubricAssociation" identifier="res00300" type="course/x-bb-crsrubricassocation"
   xml:base="res00300"/><resource bb:file="res00301.dat" bb:title="CourseRubricEvaluation" identifier="res00301"
   type="course/x-bb-crsrubriceval" xml:base="res00301"/><resource bb:file="res00302.dat" bb:title="BB_EWS_RULE_"
   identifier="res00302" type="resource/x-bb-retention" xml:base="res00302"/></resources></manifest>
